{
  "questProgress:9": {
    "0:10": {
      "questID:3": 0,
      "completed:9": {},
      "tasks:9": {
        "0:10": {
          "completeUsers:9": {},
          "index:3": 0,
          "taskID:8": "bq_standard:checkbox"
        }
      }
    },
    "1:10": {
      "questID:3": 1,
      "completed:9": {},
      "tasks:9": {
        "0:10": {
          "completeUsers:9": {},
          "index:3": 0,
          "taskID:8": "bq_standard:checkbox"
        }
      }
    },
    "2:10": {
      "questID:3": 2,
      "completed:9": {},
      "tasks:9": {
        "0:10": {
          "completeUsers:9": {},
          "index:3": 0,
          "taskID:8": "bq_standard:checkbox"
        }
      }
    },
    "3:10": {
      "questID:3": 3,
      "completed:9": {},
      "tasks:9": {
        "0:10": {
          "completeUsers:9": {},
          "index:3": 0,
          "taskID:8": "bq_standard:checkbox"
        }
      }
    },
    "4:10": {
      "questID:3": 4,
      "completed:9": {},
      "tasks:9": {
        "0:10": {
          "completeUsers:9": {},
          "index:3": 0,
          "taskID:8": "bq_standard:checkbox"
        }
      }
    },
    "5:10": {
      "questID:3": 5,
      "completed:9": {},
      "tasks:9": {}
    },
    "6:10": {
      "questID:3": 6,
      "completed:9": {},
      "tasks:9": {}
    },
    "7:10": {
      "questID:3": 7,
      "completed:9": {},
      "tasks:9": {
        "0:10": {
          "completeUsers:9": {},
          "index:3": 0,
          "taskID:8": "bq_standard:checkbox"
        }
      }
    },
    "8:10": {
      "questID:3": 8,
      "completed:9": {},
      "tasks:9": {
        "0:10": {
          "completeUsers:9": {},
          "index:3": 0,
          "taskID:8": "bq_standard:checkbox"
        }
      }
    },
    "9:10": {
      "questID:3": 9,
      "completed:9": {},
      "tasks:9": {
        "0:10": {
          "completeUsers:9": {},
          "index:3": 0,
          "taskID:8": "bq_standard:checkbox"
        }
      }
    },
    "10:10": {
      "questID:3": 10,
      "completed:9": {},
      "tasks:9": {
        "0:10": {
          "completeUsers:9": {},
          "index:3": 0,
          "taskID:8": "bq_standard:checkbox"
        }
      }
    },
    "11:10": {
      "questID:3": 11,
      "completed:9": {},
      "tasks:9": {
        "0:10": {
          "completeUsers:9": {},
          "index:3": 0,
          "taskID:8": "bq_standard:checkbox"
        }
      }
    },
    "12:10": {
      "questID:3": 12,
      "completed:9": {},
      "tasks:9": {
        "0:10": {
          "completeUsers:9": {},
          "index:3": 0,
          "taskID:8": "bq_standard:checkbox"
        }
      }
    },
    "13:10": {
      "questID:3": 13,
      "completed:9": {},
      "tasks:9": {
        "0:10": {
          "completeUsers:9": {},
          "userProgress:9": {},
          "index:3": 0,
          "taskID:8": "bq_standard:retrieval"
        }
      }
    },
    "14:10": {
      "questID:3": 14,
      "completed:9": {},
      "tasks:9": {
        "0:10": {
          "completeUsers:9": {},
          "userProgress:9": {},
          "index:3": 0,
          "taskID:8": "bq_standard:retrieval"
        }
      }
    },
    "15:10": {
      "questID:3": 15,
      "completed:9": {},
      "tasks:9": {
        "0:10": {
          "completeUsers:9": {},
          "userProgress:9": {},
          "index:3": 0,
          "taskID:8": "bq_standard:retrieval"
        }
      }
    },
    "16:10": {
      "questID:3": 16,
      "completed:9": {},
      "tasks:9": {
        "0:10": {
          "completeUsers:9": {},
          "userProgress:9": {},
          "index:3": 0,
          "taskID:8": "bq_standard:retrieval"
        }
      }
    },
    "17:10": {
      "questID:3": 17,
      "completed:9": {},
      "tasks:9": {
        "0:10": {
          "completeUsers:9": {},
          "userProgress:9": {},
          "index:3": 0,
          "taskID:8": "bq_standard:retrieval"
        }
      }
    },
    "18:10": {
      "questID:3": 18,
      "completed:9": {},
      "tasks:9": {
        "0:10": {
          "completeUsers:9": {},
          "userProgress:9": {},
          "index:3": 0,
          "taskID:8": "bq_standard:retrieval"
        }
      }
    },
    "19:10": {
      "questID:3": 19,
      "completed:9": {},
      "tasks:9": {
        "0:10": {
          "completeUsers:9": {},
          "userProgress:9": {},
          "index:3": 0,
          "taskID:8": "bq_standard:retrieval"
        }
      }
    },
    "20:10": {
      "questID:3": 20,
      "completed:9": {},
      "tasks:9": {
        "0:10": {
          "completeUsers:9": {},
          "index:3": 0,
          "taskID:8": "bq_standard:checkbox"
        }
      }
    },
    "21:10": {
      "questID:3": 21,
      "completed:9": {
        "0:10": {
          "claimed:1": 0,
          "uuid:8": "0889d6ba-04dc-4a87-b2d7-82a0e0bf9d0d",
          "timestamp:4": 62
        }
      },
      "tasks:9": {}
    },
    "22:10": {
      "questID:3": 22,
      "completed:9": {
        "0:10": {
          "claimed:1": 0,
          "uuid:8": "0889d6ba-04dc-4a87-b2d7-82a0e0bf9d0d",
          "timestamp:4": 62
        }
      },
      "tasks:9": {}
    },
    "23:10": {
      "questID:3": 23,
      "completed:9": {
        "0:10": {
          "claimed:1": 0,
          "uuid:8": "0889d6ba-04dc-4a87-b2d7-82a0e0bf9d0d",
          "timestamp:4": 62
        }
      },
      "tasks:9": {}
    },
    "24:10": {
      "questID:3": 24,
      "completed:9": {
        "0:10": {
          "claimed:1": 0,
          "uuid:8": "0889d6ba-04dc-4a87-b2d7-82a0e0bf9d0d",
          "timestamp:4": 62
        }
      },
      "tasks:9": {}
    },
    "25:10": {
      "questID:3": 25,
      "completed:9": {},
      "tasks:9": {
        "0:10": {
          "completeUsers:9": {},
          "userProgress:9": {},
          "index:3": 0,
          "taskID:8": "bq_standard:retrieval"
        }
      }
    },
    "26:10": {
      "questID:3": 26,
      "completed:9": {},
      "tasks:9": {
        "0:10": {
          "completeUsers:9": {},
          "userProgress:9": {},
          "index:3": 0,
          "taskID:8": "bq_standard:retrieval"
        }
      }
    },
    "27:10": {
      "questID:3": 27,
      "completed:9": {},
      "tasks:9": {
        "0:10": {
          "completeUsers:9": {},
          "userProgress:9": {},
          "index:3": 0,
          "taskID:8": "bq_standard:retrieval"
        }
      }
    },
    "28:10": {
      "questID:3": 28,
      "completed:9": {},
      "tasks:9": {
        "0:10": {
          "completeUsers:9": {},
          "userProgress:9": {},
          "index:3": 0,
          "taskID:8": "bq_standard:retrieval"
        }
      }
    },
    "29:10": {
      "questID:3": 29,
      "completed:9": {},
      "tasks:9": {
        "0:10": {
          "completeUsers:9": {},
          "userProgress:9": {},
          "index:3": 0,
          "taskID:8": "bq_standard:retrieval"
        }
      }
    },
    "30:10": {
      "questID:3": 30,
      "completed:9": {},
      "tasks:9": {
        "0:10": {
          "completeUsers:9": {},
          "userProgress:9": {},
          "index:3": 0,
          "taskID:8": "bq_standard:retrieval"
        }
      }
    },
    "31:10": {
      "questID:3": 31,
      "completed:9": {},
      "tasks:9": {
        "0:10": {
          "completeUsers:9": {},
          "userProgress:9": {},
          "index:3": 0,
          "taskID:8": "bq_standard:retrieval"
        }
      }
    },
    "32:10": {
      "questID:3": 32,
      "completed:9": {},
      "tasks:9": {
        "0:10": {
          "completeUsers:9": {},
          "userProgress:9": {},
          "index:3": 0,
          "taskID:8": "bq_standard:retrieval"
        }
      }
    },
    "33:10": {
      "questID:3": 33,
      "completed:9": {},
      "tasks:9": {
        "0:10": {
          "completeUsers:9": {},
          "userProgress:9": {},
          "index:3": 0,
          "taskID:8": "bq_standard:retrieval"
        }
      }
    },
    "34:10": {
      "questID:3": 34,
      "completed:9": {},
      "tasks:9": {
        "0:10": {
          "completeUsers:9": {},
          "userProgress:9": {},
          "index:3": 0,
          "taskID:8": "bq_standard:retrieval"
        }
      }
    },
    "35:10": {
      "questID:3": 35,
      "completed:9": {},
      "tasks:9": {
        "0:10": {
          "completeUsers:9": {},
          "userProgress:9": {},
          "index:3": 0,
          "taskID:8": "bq_standard:retrieval"
        }
      }
    },
    "36:10": {
      "questID:3": 36,
      "completed:9": {},
      "tasks:9": {
        "0:10": {
          "completeUsers:9": {},
          "userProgress:9": {},
          "index:3": 0,
          "taskID:8": "bq_standard:retrieval"
        }
      }
    },
    "37:10": {
      "questID:3": 37,
      "completed:9": {
        "0:10": {
          "claimed:1": 0,
          "uuid:8": "0889d6ba-04dc-4a87-b2d7-82a0e0bf9d0d",
          "timestamp:4": 62
        }
      },
      "tasks:9": {}
    },
    "38:10": {
      "questID:3": 38,
      "completed:9": {},
      "tasks:9": {
        "0:10": {
          "completeUsers:9": {},
          "userProgress:9": {},
          "index:3": 0,
          "taskID:8": "bq_standard:retrieval"
        }
      }
    },
    "39:10": {
      "questID:3": 39,
      "completed:9": {},
      "tasks:9": {
        "0:10": {
          "completeUsers:9": {},
          "userProgress:9": {},
          "index:3": 0,
          "taskID:8": "bq_standard:retrieval"
        }
      }
    },
    "40:10": {
      "questID:3": 40,
      "completed:9": {},
      "tasks:9": {
        "0:10": {
          "completeUsers:9": {},
          "userProgress:9": {},
          "index:3": 0,
          "taskID:8": "bq_standard:retrieval"
        }
      }
    },
    "41:10": {
      "questID:3": 41,
      "completed:9": {
        "0:10": {
          "claimed:1": 0,
          "uuid:8": "0889d6ba-04dc-4a87-b2d7-82a0e0bf9d0d",
          "timestamp:4": 122
        }
      },
      "tasks:9": {}
    },
    "42:10": {
      "questID:3": 42,
      "completed:9": {
        "0:10": {
          "claimed:1": 0,
          "uuid:8": "0889d6ba-04dc-4a87-b2d7-82a0e0bf9d0d",
          "timestamp:4": 182
        }
      },
      "tasks:9": {}
    },
    "43:10": {
      "questID:3": 43,
      "completed:9": {
        "0:10": {
          "claimed:1": 0,
          "uuid:8": "0889d6ba-04dc-4a87-b2d7-82a0e0bf9d0d",
          "timestamp:4": 62
        }
      },
      "tasks:9": {}
    },
    "44:10": {
      "questID:3": 44,
      "completed:9": {
        "0:10": {
          "claimed:1": 0,
          "uuid:8": "0889d6ba-04dc-4a87-b2d7-82a0e0bf9d0d",
          "timestamp:4": 242
        }
      },
      "tasks:9": {}
    },
    "45:10": {
      "questID:3": 45,
      "completed:9": {
        "0:10": {
          "claimed:1": 0,
          "uuid:8": "0889d6ba-04dc-4a87-b2d7-82a0e0bf9d0d",
          "timestamp:4": 62
        }
      },
      "tasks:9": {}
    },
    "46:10": {
      "questID:3": 46,
      "completed:9": {
        "0:10": {
          "claimed:1": 0,
          "uuid:8": "0889d6ba-04dc-4a87-b2d7-82a0e0bf9d0d",
          "timestamp:4": 302
        }
      },
      "tasks:9": {}
    },
    "47:10": {
      "questID:3": 47,
      "completed:9": {
        "0:10": {
          "claimed:1": 0,
          "uuid:8": "0889d6ba-04dc-4a87-b2d7-82a0e0bf9d0d",
          "timestamp:4": 362
        }
      },
      "tasks:9": {}
    },
    "48:10": {
      "questID:3": 48,
      "completed:9": {
        "0:10": {
          "claimed:1": 0,
          "uuid:8": "0889d6ba-04dc-4a87-b2d7-82a0e0bf9d0d",
          "timestamp:4": 62
        }
      },
      "tasks:9": {}
    },
    "49:10": {
      "questID:3": 49,
      "completed:9": {
        "0:10": {
          "claimed:1": 0,
          "uuid:8": "0889d6ba-04dc-4a87-b2d7-82a0e0bf9d0d",
          "timestamp:4": 422
        }
      },
      "tasks:9": {}
    },
    "50:10": {
      "questID:3": 50,
      "completed:9": {
        "0:10": {
          "claimed:1": 0,
          "uuid:8": "0889d6ba-04dc-4a87-b2d7-82a0e0bf9d0d",
          "timestamp:4": 62
        }
      },
      "tasks:9": {}
    },
    "51:10": {
      "questID:3": 51,
      "completed:9": {
        "0:10": {
          "claimed:1": 0,
          "uuid:8": "0889d6ba-04dc-4a87-b2d7-82a0e0bf9d0d",
          "timestamp:4": 62
        }
      },
      "tasks:9": {}
    },
    "52:10": {
      "questID:3": 52,
      "completed:9": {
        "0:10": {
          "claimed:1": 0,
          "uuid:8": "0889d6ba-04dc-4a87-b2d7-82a0e0bf9d0d",
          "timestamp:4": 62
        }
      },
      "tasks:9": {}
    },
    "53:10": {
      "questID:3": 53,
      "completed:9": {
        "0:10": {
          "claimed:1": 0,
          "uuid:8": "0889d6ba-04dc-4a87-b2d7-82a0e0bf9d0d",
          "timestamp:4": 62
        }
      },
      "tasks:9": {}
    },
    "54:10": {
      "questID:3": 54,
      "completed:9": {
        "0:10": {
          "claimed:1": 0,
          "uuid:8": "0889d6ba-04dc-4a87-b2d7-82a0e0bf9d0d",
          "timestamp:4": 62
        }
      },
      "tasks:9": {}
    },
    "55:10": {
      "questID:3": 55,
      "completed:9": {
        "0:10": {
          "claimed:1": 0,
          "uuid:8": "0889d6ba-04dc-4a87-b2d7-82a0e0bf9d0d",
          "timestamp:4": 62
        }
      },
      "tasks:9": {}
    }
  }
}