{
    "variants": {
        "facing=north,state=false": { "model": "advancedrocketry:guidanceComputer" },
        "facing=south,state=false": { "model": "advancedrocketry:guidanceComputer", "y": 180 },
        "facing=west,state=false":  { "model": "advancedrocketry:guidanceComputer", "y": 270 },
        "facing=east,state=false":  { "model": "advancedrocketry:guidanceComputer", "y": 90 },
        "facing=north,state=true": { "model": "advancedrocketry:guidanceComputer" },
        "facing=south,state=true": { "model": "advancedrocketry:guidanceComputer", "y": 180 },
        "facing=west,state=true":  { "model": "advancedrocketry:guidanceComputer", "y": 270 },
        "facing=east,state=true":  { "model": "advancedrocketry:guidanceComputer", "y": 90 }
    }
}
