{
    "variants": {
        "varient=0": { "model": "advancedrocketry:blockTitaniumAluminide" },
        "varient=1": { "model": "advancedrocketry:blockTitaniumIridium" },
        "varient=2": { "model": "libvulpes:oreDilithium" },
        "varient=3": { "model": "libvulpes:oreDilithium" },
        "varient=4": { "model": "libvulpes:blockCopper" },
        "varient=5": { "model": "libvulpes:blockTin" },
        "varient=6": { "model": "libvulpes:blockSteel" },
        "varient=7": { "model": "libvulpes:blockTitanium" },
        "varient=8": { "model": "libvulpes:oreDilithium" },
        "varient=9": { "model": "libvulpes:blockAluminum" },
        "varient=10": { "model": "libvulpes:oreDilithium" },
        "varient=11": { "model": "libvulpes:oreDilithium" },
        "varient=12": { "model": "libvulpes:oreDilithium" },
        "varient=13": { "model": "libvulpes:oreDilithium" },
        "varient=14": { "model": "libvulpes:oreDilithium" },
        "varient=15": { "model": "libvulpes:oreDilithium" }
    }
}
