{
    "variants": {
        "facing=north,state=false": { "model": "advancedrocketry:solarPanel"},
        "facing=south,state=false": { "model": "advancedrocketry:solarPanel"},
        "facing=west,state=false":  { "model": "advancedrocketry:solarPanel"},
        "facing=east,state=false":  { "model": "advancedrocketry:solarPanel"},
        "facing=north,state=true": { "model": "advancedrocketry:solarPanel"},
        "facing=south,state=true": { "model": "advancedrocketry:solarPanel"},
        "facing=west,state=true":  { "model": "advancedrocketry:solarPanel"},
        "facing=east,state=true":  { "model": "advancedrocketry:solarPanel"}
    }
}
