{"stat.useItem.minecraft.air":1114,"stat.useItem.minecraft.lapis_ore":1,"stat.walkOneCm":102237,"stat.drop.minecraft.lapis_ore":6,"stat.leaveGame":22,"stat.pickup.techguns.basicore":3,"stat.useItem.minecraft.potion":2,"stat.pickup.minecraft.string":1,"stat.jump":382,"stat.fallOneCm":590,"stat.drop.exnihilocreatio.item_pebble":1,"stat.pickup.academy.tutorial":1,"stat.crouchOneCm":102540,"stat.mineBlock.minecraft.wool":1,"stat.useItem.reccomplex.generic_space":13,"stat.sprintOneCm":1221,"stat.pickup.minecraft.air":0,"stat.drop.techguns.basicore":3,"stat.damageTaken":770,"stat.drop.appliedenergistics2.sky_stone_block":1,"stat.pickup.mysticalagriculture.crafting":1,"stat.drop.academy.tutorial":1,"stat.flyOneCm":2967833,"stat.deaths":2,"stat.drop":13,"stat.useItem.chisel.glass":4,"stat.playOneMinute":601967,"stat.sneakTime":62381,"stat.timeSinceDeath":58472}