{
  "config_version": {
    "id": "__default",
    "version": 0
  },
  "dimensions": [
    {
      "dim": 0,
      "override": true,
      "biome": "advancedrocketry:space",
      "dimensiontype": {
        "id": 0,
        "name": "DIM_0",
        "suffix": "_DIM_0",
        "keeploaded": false,
        "worldprovider": "zmaster587.advancedRocketry.world.provider.WorldProviderAsteroid",
        "WorldProviderOverride": "zmaster587.advancedRocketry.world.provider.WorldProviderAsteroid"
      },
      "worldinfo_onetime": {
        "DayTime": 8000,
        "GameRules": {
          "fallDamageMultiplier": "0",
          "doWeatherCycle": false,
          "sendCommandFeedback": false
        }
      },
      "jed": {
        "SkyRenderer": "zmaster587.advancedRocketry.client.render.planet.RenderPlanetarySky"
      }
    },
    {
      "dim": 4,
      "dimensiontype": {
        "id": 4,
        "name": "DIM_4",
        "suffix": "_DIM_4",
        "keeploaded": false,
        "worldprovider": "com.legacy.glacidus.world.WorldProviderGlacidus"
      },
      "worldinfo_onetime": {
        "GameRules": {
          "doWeatherCycle": false,
          "sendCommandFeedback": false
        }
      },
      "jed": {
        "SkyRenderer": "zmaster587.advancedRocketry.client.render.planet.RenderPlanetarySky"
      }
    }
  ]
}