{
	"credit": "Made with Blockbench",
	"textures": {
		"0": "advancedrocketry:blocks/generic_machine/side",
		"1": "advancedrocketry:blocks/generic_machine/top",
		"2": "advancedrocketry:blocks/generic_machine/bottom",
		"4": "advancedrocketry:blocks/suitworkstation",
		"5": "advancedrocketry:blocks/oopsididitagain",
		"particle": "advancedrocketry:blocks/generic_machine/side"
	},
	"elements": [
		{
			"from": [10, 0, 0],
			"to": [16, 6, 16],
			"rotation": {"angle": 0, "axis": "y", "origin": [8, 0, 8]},
			"faces": {
				"north": {"uv": [0, 10, 6, 16], "texture": "#1"},
				"east": {"uv": [0, 10, 16, 16], "texture": "#0"},
				"south": {"uv": [10, 10, 16, 16], "texture": "#0"},
				"west": {"uv": [0, 0, 16, 6], "texture": "#1"},
				"up": {"uv": [0, 0, 6, 16], "rotation": 180, "texture": "#2"},
				"down": {"uv": [0, 0, 6, 16], "rotation": 180, "texture": "#2"}
			}
		},
		{
			"from": [1, 6, 6],
			"to": [15, 15, 15],
			"rotation": {"angle": 0, "axis": "y", "origin": [7, 0, 7]},
			"faces": {
				"north": {"uv": [1, 1, 15, 10], "texture": "#4"},
				"east": {"uv": [1, 1, 10, 10], "texture": "#1"},
				"south": {"uv": [1, 1, 15, 10], "texture": "#1"},
				"west": {"uv": [6, 1, 15, 10], "texture": "#1"}
			}
		},
		{
			"from": [15, 6, 13],
			"to": [16, 16, 16],
			"rotation": {"angle": 0, "axis": "y", "origin": [8, 0, 8]},
			"faces": {
				"north": {"uv": [6, 0, 7, 10], "texture": "#1"},
				"east": {"uv": [3, 0, 6, 10], "texture": "#1"},
				"south": {"uv": [3, 0, 4, 10], "texture": "#1"},
				"up": {"uv": [0, 0, 1, 3], "rotation": 180, "texture": "#1"}
			}
		},
		{
			"from": [0, 6, 13],
			"to": [1, 16, 16],
			"rotation": {"angle": 0, "axis": "y", "origin": [8, 0, 8]},
			"faces": {
				"north": {"uv": [5, 0, 6, 10], "texture": "#1"},
				"south": {"uv": [12, 0, 13, 10], "texture": "#1"},
				"west": {"uv": [10, 0, 13, 10], "texture": "#1"},
				"up": {"uv": [0, 0, 1, 3], "texture": "#1"}
			}
		},
		{
			"from": [0, 6, 0],
			"to": [3, 16, 1],
			"rotation": {"angle": 0, "axis": "y", "origin": [8, 0, 8]},
			"faces": {
				"north": {"uv": [10, 0, 13, 10], "texture": "#1"},
				"east": {"uv": [5, 0, 6, 10], "texture": "#1"},
				"south": {"uv": [13, 0, 16, 10], "texture": "#1"},
				"west": {"uv": [12, 0, 13, 10], "texture": "#1"},
				"up": {"uv": [0, 0, 1, 3], "rotation": 90, "texture": "#1"}
			}
		},
		{
			"from": [15, 6, 0],
			"to": [16, 16, 3],
			"rotation": {"angle": 0, "axis": "y", "origin": [8, 0, 8]},
			"faces": {
				"north": {"uv": [12, 0, 13, 10], "texture": "#1"},
				"east": {"uv": [10, 0, 13, 10], "texture": "#1"},
				"south": {"uv": [5, 0, 6, 10], "texture": "#1"},
				"west": {"uv": [13, 0, 16, 10], "texture": "#1"},
				"up": {"uv": [0, 0, 1, 3], "rotation": 180, "texture": "#1"}
			}
		},
		{
			"from": [0, 0, 2],
			"to": [10, 6, 16],
			"rotation": {"angle": 0, "axis": "y", "origin": [8, 0, 8]},
			"faces": {
				"north": {"uv": [3, 5, 13, 11], "texture": "#2"},
				"south": {"uv": [0, 10, 10, 16], "texture": "#0"},
				"west": {"uv": [2, 10, 16, 16], "texture": "#0"},
				"up": {"uv": [6, 0, 16, 14], "rotation": 180, "texture": "#2"},
				"down": {"uv": [0, 0, 10, 14], "rotation": 180, "texture": "#missing"}
			}
		},
		{
			"from": [0, 0, 0],
			"to": [10, 3, 2],
			"rotation": {"angle": 0, "axis": "y", "origin": [8, 0, 8]},
			"faces": {
				"north": {"uv": [6, 13, 16, 16], "texture": "#1"},
				"west": {"uv": [0, 13, 2, 16], "texture": "#0"},
				"up": {"uv": [2, 5, 12, 7], "rotation": 180, "texture": "#2"},
				"down": {"uv": [6, 0, 16, 2], "rotation": 180, "texture": "#2"}
			}
		},
		{
			"from": [0, 3, 0],
			"to": [3, 4, 2],
			"rotation": {"angle": 0, "axis": "y", "origin": [8, 0, 8]},
			"faces": {
				"north": {"uv": [13, 12, 16, 13], "texture": "#1"},
				"east": {"uv": [0, 0, 2, 1], "texture": "#2"},
				"west": {"uv": [0, 12, 2, 13], "texture": "#0"}
			}
		},
		{
			"from": [0, 4, 0],
			"to": [10, 6, 2],
			"rotation": {"angle": 0, "axis": "y", "origin": [8, 0, 8]},
			"faces": {
				"north": {"uv": [6, 0, 16, 2], "texture": "#1"},
				"west": {"uv": [0, 10, 2, 12], "texture": "#0"},
				"up": {"uv": [6, 14, 16, 16], "rotation": 180, "texture": "#2"},
				"down": {"uv": [3, 6, 13, 8], "rotation": 180, "texture": "#2"}
			}
		},
		{
			"from": [13, 6, 15],
			"to": [15, 16, 16],
			"rotation": {"angle": 0, "axis": "y", "origin": [8, 0, 8]},
			"faces": {
				"south": {"uv": [10, 0, 12, 10], "texture": "#1"},
				"west": {"uv": [6, 2, 9, 12], "texture": "#1"},
				"up": {"uv": [0, 0, 2, 1], "rotation": 180, "texture": "#1"}
			}
		},
		{
			"from": [1, 6, 15],
			"to": [3, 16, 16],
			"rotation": {"angle": 0, "axis": "y", "origin": [8, 0, 8]},
			"faces": {
				"east": {"uv": [5, 0, 6, 10], "texture": "#1"},
				"south": {"uv": [10, 0, 12, 10], "texture": "#1"},
				"up": {"uv": [0, 0, 2, 1], "rotation": 180, "texture": "#1"}
			}
		},
		{
			"from": [0, 6, 1],
			"to": [1, 16, 3],
			"rotation": {"angle": 0, "axis": "y", "origin": [8, 0, 8]},
			"faces": {
				"east": {"uv": [0, 0, 1, 10], "texture": "#1"},
				"south": {"uv": [5, 0, 6, 10], "texture": "#1"},
				"west": {"uv": [10, 0, 12, 10], "texture": "#1"},
				"up": {"uv": [0, 0, 2, 1], "rotation": 270, "texture": "#1"}
			}
		},
		{
			"from": [13, 6, 0],
			"to": [15, 16, 1],
			"rotation": {"angle": 0, "axis": "y", "origin": [8, 0, 8]},
			"faces": {
				"north": {"uv": [10, 0, 12, 10], "texture": "#1"},
				"south": {"uv": [0, 0, 1, 10], "texture": "#1"},
				"west": {"uv": [5, 0, 6, 10], "texture": "#1"},
				"up": {"uv": [0, 0, 2, 1], "texture": "#1"}
			}
		},
		{
			"from": [1, 15, 1],
			"to": [15, 16, 15],
			"rotation": {"angle": 0, "axis": "y", "origin": [8, 0, 8]},
			"faces": {
				"north": {"uv": [1, 0, 15, 2], "texture": "#1"},
				"east": {"uv": [1, 0, 15, 2], "texture": "#1"},
				"south": {"uv": [1, 0, 15, 2], "texture": "#1"},
				"west": {"uv": [1, 0, 15, 2], "texture": "#1"},
				"up": {"uv": [1, 1, 15, 15], "rotation": 180, "texture": "#1"},
				"down": {"uv": [1, 1, 15, 15], "rotation": 180, "texture": "#2"}
			}
		},
		{
			"from": [8, 6, 1],
			"to": [12, 7, 5],
			"rotation": {"angle": 0, "axis": "y", "origin": [8, 0, 8]},
			"faces": {
				"north": {"uv": [3, 8, 7, 9], "texture": "#1"},
				"east": {"uv": [11, 9, 15, 10], "texture": "#0"},
				"south": {"uv": [7, 9, 11, 10], "texture": "#0"},
				"west": {"uv": [0, 9, 4, 10], "texture": "#1"},
				"up": {"uv": [12, 12, 16, 16], "rotation": 180, "texture": "#1"}
			}
		},
		{
			"from": [10.075, 6, 2],
			"to": [11.575, 11, 3.5],
			"rotation": {"angle": -22.5, "axis": "z", "origin": [10.075, 8.5, 3]},
			"faces": {
				"north": {"uv": [10, 3, 12, 8], "texture": "#5"},
				"east": {"uv": [10, 3, 12, 8], "texture": "#5"},
				"south": {"uv": [10, 4, 12, 9], "texture": "#5"},
				"west": {"uv": [1, 4, 3, 9], "texture": "#5"},
				"up": {"uv": [9, 3, 11, 5], "rotation": 180, "texture": "#5"}
			}
		}
	],
	"display": {
		"thirdperson_righthand": {
			"rotation": [75, 45, 0],
			"translation": [0, 2.5, 0],
			"scale": [0.375, 0.375, 0.375]
		},
		"thirdperson_lefthand": {
			"rotation": [75, 45, 0],
			"translation": [0, 2.5, 0],
			"scale": [0.375, 0.375, 0.375]
		},
		"firstperson_righthand": {
			"rotation": [0, 45, 0],
			"scale": [0.4, 0.4, 0.4]
		},
		"firstperson_lefthand": {
			"rotation": [0, 225, 0],
			"scale": [0.4, 0.4, 0.4]
		},
		"ground": {
			"translation": [0, 3, 0],
			"scale": [0.25, 0.25, 0.25]
		},
		"gui": {
			"rotation": [30, 225, 0],
			"scale": [0.625, 0.625, 0.625]
		},
		"fixed": {
			"scale": [0.5, 0.5, 0.5]
		}
	}
}