{
    "variants": {
        "varient=0": { "model": "libvulpes:oreDilithium" },
        "varient=1": { "model": "libvulpes:oreDilithium" },
        "varient=2": { "model": "libvulpes:coilGold" },
        "varient=3": { "model": "libvulpes:oreDilithium" },
        "varient=4": { "model": "libvulpes:coilCopper" },
        "varient=5": { "model": "libvulpes:oreDilithium" },
        "varient=6": { "model": "libvulpes:oreDilithium" },
        "varient=7": { "model": "libvulpes:coilTitanium" },
        "varient=8": { "model": "libvulpes:oreDilithium" },
        "varient=9": { "model": "libvulpes:coilAluminum" },
        "varient=10": { "model": "libvulpes:coilIridium" },
        "varient=11": { "model": "libvulpes:oreDilithium" },
        "varient=12": { "model": "libvulpes:oreDilithium" },
        "varient=13": { "model": "libvulpes:oreDilithium" },
        "varient=14": { "model": "libvulpes:oreDilithium" },
        "varient=15": { "model": "libvulpes:oreDilithium" }
    }
}
