{
    "defaults": {
        "textures": {
            "#None": "libvulpes:/models/enhancedMotor"
        },
        "model": "libvulpes:models/enhancedMotor.obj"
    },
    "variants": {
        "facing=north": { "model": "libvulpes:models/enhancedMotor.obj" },
        "facing=south": { "model": "libvulpes:models/enhancedMotor.obj", "y": 180 },
        "facing=west":  { "model": "libvulpes:models/enhancedMotor.obj", "y": 270 },
        "facing=east":  { "model": "libvulpes:models/enhancedMotor.obj", "y": 90 },
        "facing=up":  { "model": "libvulpes:models/enhancedMotor.obj", "x": 90 },
        "facing=down":  { "model": "libvulpes:models/enhancedMotor.obj", "x": -90 },
        "inventory": {
            "model": "libvulpes:models/enhancedMotor.obj", "y": 90,
            "transform": {
                    "translation": [ 0, 0, 0],
                    "rotation": [ 45, 0, 0],
                    "scale": 0.1
                }
        }
    }
}
