{
    "variants": {
        "varient=0": { "model": "libvulpes:oreDilithium" },
        "varient=1": { "model": "libvulpes:oreDilithium" },
        "varient=2": { "model": "libvulpes:oreDilithium" },
        "varient=3": { "model": "libvulpes:oreDilithium" },
        "varient=4": { "model": "libvulpes:oreCopper" },
        "varient=5": { "model": "libvulpes:oreTin" },
        "varient=6": { "model": "libvulpes:oreDilithium" },
        "varient=7": { "model": "libvulpes:oreDilithium" },
        "varient=8": { "model": "libvulpes:oreRutile" },
        "varient=9": { "model": "libvulpes:oreAluminum" },
        "varient=10": { "model": "libvulpes:oreIridium" },
        "varient=11": { "model": "libvulpes:oreDilithium" },
        "varient=12": { "model": "libvulpes:oreDilithium" },
        "varient=13": { "model": "libvulpes:oreDilithium" },
        "varient=14": { "model": "libvulpes:oreDilithium" },
        "varient=15": { "model": "libvulpes:oreDilithium" }
    }
}
