{
    "variants": {
        "facing=north,occupied=false,part=foot": { "model": "oak_planks", "y": 180 },
        "facing=east,occupied=false,part=foot":  { "model": "oak_planks", "y": 270 },
        "facing=south,occupied=false,part=foot": { "model": "oak_planks" },
        "facing=west,occupied=false,part=foot":  { "model": "oak_planks", "y": 90 },
        "facing=north,occupied=false,part=head": { "model": "oak_planks", "y": 180 },
        "facing=east,occupied=false,part=head":  { "model": "oak_planks", "y": 270 },
        "facing=south,occupied=false,part=head": { "model": "oak_planks" },
        "facing=west,occupied=false,part=head":  { "model": "oak_planks", "y": 90 },
        "facing=north,occupied=true,part=foot": { "model": "oak_planks", "y": 180 },
        "facing=east,occupied=true,part=foot":  { "model": "oak_planks", "y": 270 },
        "facing=south,occupied=true,part=foot": { "model": "oak_planks" },
        "facing=west,occupied=true,part=foot":  { "model": "oak_planks", "y": 90 },
        "facing=north,occupied=true,part=head": { "model": "oak_planks", "y": 180 },
        "facing=east,occupied=true,part=head":  { "model": "oak_planks", "y": 270 },
        "facing=south,occupied=true,part=head": { "model": "oak_planks" },
        "facing=west,occupied=true,part=head":  { "model": "oak_planks", "y": 90 }
    }
}
