{
	"credit": "Made with Blockbench",
	"textures": {
		"0": "blocks/glazed_terracotta_silver",
		"1": "blocks/glass_red",
		"particle": "blocks/glazed_terracotta_silver"
	},
	"elements": [
		{
			"from": [6.5, 9, -1],
			"to": [8.5, 11, 1],
			"rotation": {"angle": 0, "axis": "y", "origin": [8, 9.5, -3.5]},
			"faces": {
				"north": {"uv": [5, 5, 7, 7], "texture": "#1"},
				"east": {"uv": [3, 5, 5, 7], "texture": "#1"},
				"west": {"uv": [7, 5, 9, 7], "texture": "#1"},
				"up": {"uv": [7, 5, 5, 3], "texture": "#1"},
				"down": {"uv": [9, 3, 7, 5], "texture": "#1"}
			}
		},
		{
			"from": [6.25, 8, 6],
			"to": [8.75, 11, 15],
			"rotation": {"angle": 0, "axis": "y", "origin": [6.75, 10.5, 12.5]},
			"faces": {
				"east": {"uv": [0, 12, 9, 15], "texture": "#0"},
				"south": {"uv": [20, 12, 22, 15], "texture": "#0"},
				"west": {"uv": [11, 12, 20, 15], "texture": "#0"},
				"up": {"uv": [11, 12, 9, 3], "texture": "#0"},
				"down": {"uv": [13, 3, 11, 12], "texture": "#0"}
			}
		},
		{
			"from": [6.15, 7, 5],
			"to": [8.9, 10, 11],
			"rotation": {"angle": 22.5, "axis": "x", "origin": [7.5, 8, 7]},
			"faces": {
				"north": {"uv": [6, 6, 8, 9], "texture": "#0"},
				"east": {"uv": [0, 6, 6, 9], "texture": "#0"},
				"south": {"uv": [14, 6, 16, 9], "texture": "#0"},
				"west": {"uv": [8, 6, 14, 9], "texture": "#0"},
				"up": {"uv": [8, 6, 6, 0], "texture": "#0"},
				"down": {"uv": [10, 0, 8, 6], "texture": "#0"}
			}
		},
		{
			"from": [7, 11, 6],
			"to": [8, 13, 15],
			"rotation": {"angle": 0, "axis": "y", "origin": [6.5, 7.5, 12.5]},
			"faces": {
				"north": {"uv": [9, 9, 10, 11], "texture": "#0"},
				"east": {"uv": [0, 9, 9, 11], "texture": "#0"},
				"south": {"uv": [19, 9, 20, 11], "texture": "#0"},
				"west": {"uv": [10, 9, 19, 11], "texture": "#0"},
				"up": {"uv": [10, 9, 9, 0], "texture": "#0"}
			}
		},
		{
			"from": [6.25, 9, 1],
			"to": [8.75, 11, 6],
			"rotation": {"angle": 0, "axis": "y", "origin": [6.75, 10.5, 12.5]},
			"faces": {
				"north": {"uv": [5, 5, 7, 7], "texture": "#0"},
				"east": {"uv": [0, 5, 5, 7], "texture": "#0"},
				"west": {"uv": [7, 5, 12, 7], "texture": "#0"},
				"up": {"uv": [7, 5, 5, 0], "texture": "#0"},
				"down": {"uv": [9, 0, 7, 5], "texture": "#0"}
			}
		},
		{
			"from": [6.25, 4, 8],
			"to": [8.75, 7, 11],
			"rotation": {"angle": 0, "axis": "y", "origin": [6.85, 10.5, 12.5]},
			"faces": {
				"north": {"uv": [3, 3, 5, 6], "texture": "#0"},
				"east": {"uv": [0, 3, 3, 6], "texture": "#0"},
				"south": {"uv": [8, 3, 10, 6], "texture": "#0"},
				"west": {"uv": [5, 3, 8, 6], "texture": "#0"},
				"up": {"uv": [5, 3, 3, 0], "texture": "#0"},
				"down": {"uv": [7, 0, 5, 3], "texture": "#0"}
			}
		}
	],
	"display": {
		"thirdperson_righthand": {
			"rotation": [68, 0, 1],
			"translation": [0, 4.75, 2]
		},
		"thirdperson_lefthand": {
			"rotation": [68, 0, 1],
			"translation": [0, 4.75, 2]
		},
		"firstperson_righthand": {
			"translation": [3.75, 0.5, 0]
		},
		"firstperson_lefthand": {
			"translation": [3.75, 0.5, 0]
		},
		"ground": {
			"rotation": [0, 0, 90],
			"translation": [0, -1.5, 0]
		},
		"gui": {
			"rotation": [35, 40, -10],
			"translation": [0.5, -0.5, 0]
		},
		"head": {
			"translation": [0, 10, 0]
		},
		"fixed": {
			"rotation": [-0.5, 91, 0],
			"translation": [0, 0, -2]
		}
	}
}