<?xml version="1.0" encoding="UTF-8" standalone="no"?>
<galaxy>
    <star blackHole="false" name="Arcturus" numGasGiants="0" numPlanets="0" size="1.8" temp="100" x="0" y="0">
        <planet DIMID="0" dimMapping="" name="Earth">
            <isKnown>true</isKnown>
            <fogColor>1.0,1.0,1.0</fogColor>
            <skyColor>1.0,1.0,1.0</skyColor>
            <gravitationalMultiplier>100</gravitationalMultiplier>
            <orbitalDistance>100</orbitalDistance>
            <orbitalTheta>-180</orbitalTheta>
            <orbitalPhi>0</orbitalPhi>
            <peakInsolation>0.0</peakInsolation>
            <peakInsolationNoAtmosphere>0.0</peakInsolationNoAtmosphere>
            <avgTemperature>100</avgTemperature>
            <rotationalPeriod>24000</rotationalPeriod>
            <atmosphereDensity>100</atmosphereDensity>
            <generateCraters>false</generateCraters>
            <generateVolcanos>false</generateVolcanos>
            <generateStructures>false</generateStructures>
            <generateGeodes>false</generateGeodes>
        </planet>
        <planet DIMID="84" customIcon="EarthLike" dimMapping="" name="Glacidus">
            <isKnown>true</isKnown>
            <hasRings>true</hasRings>
            <ringColor>0.4,0.4,0.7</ringColor>
            <fogColor>1.0,1.0,1.0</fogColor>
            <skyColor>1.0,1.0,1.0</skyColor>
            <gravitationalMultiplier>100</gravitationalMultiplier>
            <orbitalDistance>20</orbitalDistance>
            <orbitalTheta>120</orbitalTheta>
            <orbitalPhi>210</orbitalPhi>
            <peakInsolation>83.16755642167224</peakInsolation>
            <peakInsolationNoAtmosphere>105.94799122917684</peakInsolationNoAtmosphere>
            <avgTemperature>767</avgTemperature>
            <rotationalPeriod>20000</rotationalPeriod>
            <atmosphereDensity>90</atmosphereDensity>
            <generateCraters>false</generateCraters>
            <generateVolcanos>false</generateVolcanos>
            <generateStructures>false</generateStructures>
            <generateGeodes>false</generateGeodes>
            <planet DIMID="3" name="Asteroid Belt">
                <isKnown>true</isKnown>
                <fogColor>1.0,1.0,1.0</fogColor>
                <skyColor>1.0,1.0,1.0</skyColor>
                <gravitationalMultiplier>5</gravitationalMultiplier>
                <orbitalDistance>120</orbitalDistance>
                <orbitalTheta>48</orbitalTheta>
                <orbitalPhi>63</orbitalPhi>
                <peakInsolation>2.9429996101856517</peakInsolation>
                <peakInsolationNoAtmosphere>2.9429996101856517</peakInsolationNoAtmosphere>
                <avgTemperature>767</avgTemperature>
                <rotationalPeriod>12000</rotationalPeriod>
                <atmosphereDensity>0</atmosphereDensity>
                <generateCraters>false</generateCraters>
                <generateVolcanos>false</generateVolcanos>
                <generateStructures>false</generateStructures>
                <generateGeodes>false</generateGeodes>
                <genType>2</genType>
                <biomeIds>advancedrocketry:space</biomeIds>
                <fillerBlock>contenttweaker:astrostone</fillerBlock>
            </planet>
        </planet>
    </star>
</galaxy>
