{
	"credit": "Made with Blockbench by Teksturepako",
	"texture_size": [128, 128],
	"textures": {
		"0": "advancedrocketry:blocks/gcomp",
		"particle": "advancedrocketry:blocks/basalt"
	},
	"elements": [
		{
			"from": [0.24805, 0.125, 11.25],
			"to": [15.74805, 14.375, 11.75],
			"rotation": {"angle": 22.5, "axis": "x", "origin": [7.99805, 9.75, 12.5]},
			"faces": {
				"north": {"uv": [2.125, 2.125, 4.125, 4], "texture": "#0", "cullface": "north"},
				"east": {"uv": [1.875, 8.5, 2, 10.375], "texture": "#0", "cullface": "east"},
				"south": {"uv": [2.125, 0, 4.125, 1.875], "texture": "#0", "cullface": "south"},
				"west": {"uv": [6.625, 8.875, 6.75, 10.75], "texture": "#0", "cullface": "west"},
				"up": {"uv": [10.75, 3.625, 8.75, 3.5], "texture": "#0", "cullface": "up"},
				"down": {"uv": [10.75, 3.75, 8.75, 3.875], "texture": "#0", "cullface": "down"}
			}
		},
		{
			"from": [0.24805, 0.125, 10.25],
			"to": [15.74805, 14.375, 10.75],
			"rotation": {"angle": 22.5, "axis": "x", "origin": [7.99805, 9.75, 12.5]},
			"faces": {
				"north": {"uv": [0, 0, 2, 1.875], "texture": "#0", "cullface": "north"},
				"east": {"uv": [1.375, 8.5, 1.5, 10.375], "texture": "#0", "cullface": "east"},
				"south": {"uv": [0, 2, 2, 3.875], "texture": "#0", "cullface": "south"},
				"west": {"uv": [1.625, 8.5, 1.75, 10.375], "texture": "#0", "cullface": "west"},
				"up": {"uv": [6.25, 4.125, 4.25, 4], "texture": "#0", "cullface": "up"},
				"down": {"uv": [10.75, 8.75, 8.75, 8.875], "texture": "#0", "cullface": "down"}
			}
		},
		{
			"from": [0.24805, 0.125, 10.75],
			"to": [15.74805, 14.375, 11.25],
			"rotation": {"angle": 22.5, "axis": "x", "origin": [7.99805, 9.75, 12.5]},
			"faces": {
				"north": {"uv": [0, 4, 2, 5.875], "texture": "#0", "cullface": "north"},
				"east": {"uv": [8.875, 0, 9, 1.875], "texture": "#0", "cullface": "east"},
				"south": {"uv": [2.125, 4.125, 4.125, 6], "texture": "#0", "cullface": "south"},
				"west": {"uv": [0.5, 9, 0.625, 10.875], "texture": "#0", "cullface": "west"},
				"up": {"uv": [10.75, 4.125, 8.75, 4], "texture": "#0", "cullface": "up"},
				"down": {"uv": [10.75, 4.25, 8.75, 4.375], "texture": "#0", "cullface": "down"}
			}
		},
		{
			"from": [1.24805, -0.125, 7.75],
			"to": [14.74805, 12.625, 10.25],
			"rotation": {"angle": 22.5, "axis": "x", "origin": [7.99805, 9.75, 12.5]},
			"faces": {
				"north": {"uv": [2.125, 6.125, 3.875, 7.75], "texture": "#0", "cullface": "north"},
				"east": {"uv": [2.125, 7.875, 2.5, 9.5], "texture": "#0", "cullface": "east"},
				"south": {"uv": [4, 6.25, 5.75, 7.875], "texture": "#0", "cullface": "south"},
				"west": {"uv": [2.625, 7.875, 3, 9.5], "texture": "#0", "cullface": "west"},
				"up": {"uv": [9.5, 8.125, 7.75, 7.75], "texture": "#0", "cullface": "up"},
				"down": {"uv": [9.5, 6.25, 7.75, 6.625], "texture": "#0", "cullface": "down"}
			}
		},
		{
			"from": [1.32305, 0.025, 11.125],
			"to": [14.72305, 12.65, 15.875],
			"rotation": {"angle": 0, "axis": "x", "origin": [7.99805, 9.75, 12.5]},
			"faces": {
				"north": {"uv": [2.125, 6.125, 3.875, 7.75], "texture": "#0", "cullface": "north"},
				"east": {"uv": [2.125, 7.875, 2.5, 9.5], "texture": "#0", "cullface": "east"},
				"south": {"uv": [4, 6.25, 5.75, 7.875], "texture": "#0", "cullface": "south"},
				"west": {"uv": [2.625, 7.875, 3, 9.5], "texture": "#0", "cullface": "west"},
				"up": {"uv": [9.5, 8.125, 7.75, 7.75], "texture": "#0", "cullface": "up"},
				"down": {"uv": [9.5, 6.25, 7.75, 6.625], "texture": "#0", "cullface": "down"}
			}
		},
		{
			"from": [1.24805, 0.875, 11.75],
			"to": [14.74805, 13.625, 14.25],
			"rotation": {"angle": 22.5, "axis": "x", "origin": [7.99805, 9.75, 12.5]},
			"faces": {
				"north": {"uv": [5.875, 6.25, 7.625, 7.875], "texture": "#0", "cullface": "north"},
				"east": {"uv": [3.125, 7.875, 3.5, 9.5], "texture": "#0", "cullface": "east"},
				"south": {"uv": [6.375, 0, 8.125, 1.625], "texture": "#0", "cullface": "south"},
				"west": {"uv": [0, 8, 0.375, 9.625], "texture": "#0", "cullface": "west"},
				"up": {"uv": [9.5, 7.125, 7.75, 6.75], "texture": "#0", "cullface": "up"},
				"down": {"uv": [9.5, 7.25, 7.75, 7.625], "texture": "#0", "cullface": "down"}
			}
		},
		{
			"from": [1.37305, 0.05, 1.625],
			"to": [14.69805, 2.55, 14.375],
			"rotation": {"angle": 0, "axis": "x", "origin": [7.99805, 9.75, 12.5]},
			"faces": {
				"north": {"uv": [9.5, 7.25, 7.75, 7.625], "rotation": 180, "texture": "#0", "cullface": "down"},
				"east": {"uv": [3.125, 7.875, 3.5, 9.5], "rotation": 270, "texture": "#0", "cullface": "east"},
				"south": {"uv": [9.5, 7.125, 7.75, 6.75], "texture": "#0", "cullface": "up"},
				"west": {"uv": [0, 8, 0.375, 9.625], "rotation": 90, "texture": "#0", "cullface": "west"},
				"up": {"uv": [5.875, 6.25, 7.625, 7.875], "rotation": 180, "texture": "#0", "cullface": "north"},
				"down": {"uv": [6.375, 0, 8.125, 1.625], "texture": "#0", "cullface": "south"}
			}
		},
		{
			"from": [0.24805, 1.125, 6.25],
			"to": [15.74805, 15.375, 7.25],
			"rotation": {"angle": 22.5, "axis": "x", "origin": [7.99524, 8.25906, 5.96938]},
			"faces": {
				"north": {"uv": [4.25, 4.25, 6.25, 6.125], "texture": "#0", "cullface": "north"},
				"east": {"uv": [0.75, 9, 0.875, 10.875], "texture": "#0", "cullface": "east"},
				"south": {"uv": [4.25, 0, 6.25, 1.875], "texture": "#0", "cullface": "south"},
				"west": {"uv": [1, 9, 1.125, 10.875], "texture": "#0", "cullface": "west"},
				"up": {"uv": [10.75, 4.625, 8.75, 4.5], "texture": "#0", "cullface": "up"},
				"down": {"uv": [10.75, 4.75, 8.75, 4.875], "texture": "#0", "cullface": "down"}
			}
		},
		{
			"from": [0.24805, 1.125, 7.25],
			"to": [15.74805, 15.375, 7.75],
			"rotation": {"angle": 22.5, "axis": "x", "origin": [7.99524, 8.25906, 5.96938]},
			"faces": {
				"north": {"uv": [4.25, 2, 6.25, 3.875], "texture": "#0", "cullface": "north"},
				"east": {"uv": [3.625, 9, 3.75, 10.875], "texture": "#0", "cullface": "east"},
				"south": {"uv": [0, 6, 2, 7.875], "texture": "#0", "cullface": "south"},
				"west": {"uv": [3.875, 9, 4, 10.875], "texture": "#0", "cullface": "west"},
				"up": {"uv": [10.75, 5.125, 8.75, 5], "texture": "#0", "cullface": "up"},
				"down": {"uv": [6.5, 8.875, 4.5, 9], "texture": "#0", "cullface": "down"}
			}
		},
		{
			"from": [1.24805, 8.375, 3.75],
			"to": [14.74805, 14.625, 6.25],
			"rotation": {"angle": 22.5, "axis": "x", "origin": [7.99524, 8.25906, 5.96938]},
			"faces": {
				"north": {"uv": [6.375, 1.75, 8.125, 2.5], "texture": "#0", "cullface": "north"},
				"east": {"uv": [8.25, 3.5, 8.625, 4.25], "texture": "#0", "cullface": "east"},
				"south": {"uv": [6.375, 2.625, 8.125, 3.375], "texture": "#0", "cullface": "south"},
				"west": {"uv": [8.25, 4.375, 8.625, 5.125], "texture": "#0", "cullface": "west"},
				"up": {"uv": [8.125, 5.625, 6.375, 5.25], "texture": "#0", "cullface": "up"},
				"down": {"uv": [8.125, 5.75, 6.375, 6.125], "texture": "#0", "cullface": "down"}
			}
		},
		{
			"from": [1.24805, 1.875, 4.75],
			"to": [14.74805, 7.625, 6.25],
			"rotation": {"angle": 22.5, "axis": "x", "origin": [7.99524, 8.25906, 5.96938]},
			"faces": {
				"north": {"uv": [6.375, 3.5, 8.125, 4.25], "texture": "#0", "cullface": "north"},
				"east": {"uv": [4.125, 9, 4.375, 9.75], "texture": "#0", "cullface": "east"},
				"south": {"uv": [6.375, 4.375, 8.125, 5.125], "texture": "#0", "cullface": "south"},
				"west": {"uv": [4.5, 9.125, 4.75, 9.875], "texture": "#0", "cullface": "west"},
				"up": {"uv": [7, 8.25, 5.25, 8], "texture": "#0", "cullface": "up"},
				"down": {"uv": [8.875, 8.25, 7.125, 8.5], "texture": "#0", "cullface": "down"}
			}
		},
		{
			"from": [1.99805, 1.125, 3.75],
			"to": [13.99805, 1.875, 6.25],
			"rotation": {"angle": 22.5, "axis": "x", "origin": [7.99524, 8.25906, 5.96938]},
			"faces": {
				"north": {"uv": [9, 8.5, 10.5, 8.625], "texture": "#0", "cullface": "north"},
				"east": {"uv": [10.75, 2.25, 11.125, 2.375], "texture": "#0", "cullface": "east"},
				"south": {"uv": [4.875, 9.125, 6.375, 9.25], "texture": "#0", "cullface": "south"},
				"west": {"uv": [10.75, 2.5, 11.125, 2.625], "texture": "#0", "cullface": "west"},
				"up": {"uv": [2, 8.375, 0.5, 8], "texture": "#0", "cullface": "up"},
				"down": {"uv": [5.125, 8, 3.625, 8.375], "texture": "#0", "cullface": "down"}
			}
		},
		{
			"from": [1.99805, 7.625, 3.75],
			"to": [7.64805, 8.375, 6.25],
			"rotation": {"angle": 22.5, "axis": "x", "origin": [7.99524, 8.25906, 5.96938]},
			"faces": {
				"north": {"uv": [9.375, 1, 10.125, 1.125], "texture": "#0", "cullface": "north"},
				"east": {"uv": [10.75, 1.5, 11.125, 1.625], "texture": "#0", "cullface": "east"},
				"south": {"uv": [9.375, 1.25, 10.125, 1.375], "texture": "#0", "cullface": "south"},
				"west": {"uv": [10.75, 2, 11.125, 2.125], "texture": "#0", "cullface": "west"},
				"up": {"uv": [7.75, 9, 7, 8.625], "texture": "#0", "cullface": "up"},
				"down": {"uv": [8.625, 8.625, 7.875, 9], "texture": "#0", "cullface": "down"}
			}
		},
		{
			"from": [1.99805, 14.625, 3.75],
			"to": [7.64805, 15.375, 6.25],
			"rotation": {"angle": 22.5, "axis": "x", "origin": [7.99524, 8.25906, 5.96938]},
			"faces": {
				"north": {"uv": [9.375, 0, 10.125, 0.125], "texture": "#0", "cullface": "north"},
				"east": {"uv": [10.625, 9.375, 11, 9.5], "texture": "#0", "cullface": "east"},
				"south": {"uv": [9.375, 0.25, 10.125, 0.375], "texture": "#0", "cullface": "south"},
				"west": {"uv": [7.25, 10.75, 7.625, 10.875], "texture": "#0", "cullface": "west"},
				"up": {"uv": [6, 8.75, 5.25, 8.375], "texture": "#0", "cullface": "up"},
				"down": {"uv": [6.875, 8.375, 6.125, 8.75], "texture": "#0", "cullface": "down"}
			}
		},
		{
			"from": [8.39805, 7.625, 3.75],
			"to": [13.99805, 8.375, 6.25],
			"rotation": {"angle": 22.5, "axis": "x", "origin": [7.99524, 8.25906, 5.96938]},
			"faces": {
				"north": {"uv": [9.375, 0.5, 10.125, 0.625], "texture": "#0", "cullface": "north"},
				"east": {"uv": [7.75, 10.75, 8.125, 10.875], "texture": "#0", "cullface": "east"},
				"south": {"uv": [9.375, 0.75, 10.125, 0.875], "texture": "#0", "cullface": "south"},
				"west": {"uv": [10.375, 10.75, 10.75, 10.875], "texture": "#0", "cullface": "west"},
				"up": {"uv": [1.25, 8.875, 0.5, 8.5], "texture": "#0", "cullface": "up"},
				"down": {"uv": [4.375, 8.5, 3.625, 8.875], "texture": "#0", "cullface": "down"}
			}
		},
		{
			"from": [8.39805, 14.625, 3.75],
			"to": [13.99805, 15.375, 6.25],
			"rotation": {"angle": 22.5, "axis": "x", "origin": [7.99524, 8.25906, 5.96938]},
			"faces": {
				"north": {"uv": [9.125, 1.75, 9.875, 1.875], "texture": "#0", "cullface": "north"},
				"east": {"uv": [10.625, 1.75, 11, 1.875], "texture": "#0", "cullface": "east"},
				"south": {"uv": [9.375, 9.375, 10.125, 9.5], "texture": "#0", "cullface": "south"},
				"west": {"uv": [10.625, 8.5, 11, 8.625], "texture": "#0", "cullface": "west"},
				"up": {"uv": [9, 5.625, 8.25, 5.25], "texture": "#0", "cullface": "up"},
				"down": {"uv": [9, 5.75, 8.25, 6.125], "texture": "#0", "cullface": "down"}
			}
		},
		{
			"name": "bolt",
			"from": [1.34805, 14.75, 3.75],
			"to": [1.84805, 15.25, 4.5],
			"rotation": {"angle": 22.5, "axis": "x", "origin": [7.99524, 8.25906, 5.96938]},
			"faces": {
				"north": {"uv": [4.25, 11.625, 4.34375, 11.71875], "texture": "#0", "cullface": "north"},
				"east": {"uv": [8.25, 10.75, 8.5, 10.875], "texture": "#0", "cullface": "east"},
				"south": {"uv": [5, 11.625, 5.125, 11.75], "texture": "#0", "cullface": "south"},
				"west": {"uv": [10.75, 2.75, 11, 2.875], "texture": "#0", "cullface": "west"},
				"up": {"uv": [6.5, 10.5, 6.375, 10.25], "texture": "#0", "cullface": "up"},
				"down": {"uv": [6.5, 10.625, 6.375, 10.875], "texture": "#0", "cullface": "down"}
			}
		},
		{
			"name": "bolt",
			"from": [7.74805, 14.75, 3.75],
			"to": [8.24805, 15.25, 4.5],
			"rotation": {"angle": 22.5, "axis": "x", "origin": [7.99524, 8.25906, 5.96938]},
			"faces": {
				"north": {"uv": [5.75, 11.625, 5.84375, 11.71875], "texture": "#0", "cullface": "north"},
				"east": {"uv": [10.75, 3, 11, 3.125], "texture": "#0", "cullface": "east"},
				"south": {"uv": [6, 11.625, 6.125, 11.75], "texture": "#0", "cullface": "south"},
				"west": {"uv": [10.75, 3.25, 11, 3.375], "texture": "#0", "cullface": "west"},
				"up": {"uv": [10.875, 5.5, 10.75, 5.25], "texture": "#0", "cullface": "up"},
				"down": {"uv": [10.875, 5.625, 10.75, 5.875], "texture": "#0", "cullface": "down"}
			}
		},
		{
			"name": "bolt",
			"from": [14.09805, 14.75, 3.75],
			"to": [14.59805, 15.25, 4.5],
			"rotation": {"angle": 22.5, "axis": "x", "origin": [7.99524, 8.25906, 5.96938]},
			"faces": {
				"north": {"uv": [6.25, 11.625, 6.34375, 11.71875], "texture": "#0", "cullface": "north"},
				"east": {"uv": [10.75, 6, 11, 6.125], "texture": "#0", "cullface": "east"},
				"south": {"uv": [6.5, 11.625, 6.625, 11.75], "texture": "#0", "cullface": "south"},
				"west": {"uv": [10.75, 6.25, 11, 6.375], "texture": "#0", "cullface": "west"},
				"up": {"uv": [10.875, 6.75, 10.75, 6.5], "texture": "#0", "cullface": "up"},
				"down": {"uv": [10.875, 6.875, 10.75, 7.125], "texture": "#0", "cullface": "down"}
			}
		},
		{
			"name": "bolt",
			"from": [7.74805, 7.75, 3.75],
			"to": [8.24805, 8.25, 4.5],
			"rotation": {"angle": 22.5, "axis": "x", "origin": [7.99524, 8.25906, 5.96938]},
			"faces": {
				"north": {"uv": [6.75, 11.625, 6.84375, 11.71875], "texture": "#0", "cullface": "north"},
				"east": {"uv": [10.75, 7.25, 11, 7.375], "texture": "#0", "cullface": "east"},
				"south": {"uv": [7, 11.625, 7.125, 11.75], "texture": "#0", "cullface": "south"},
				"west": {"uv": [10.75, 7.5, 11, 7.625], "texture": "#0", "cullface": "west"},
				"up": {"uv": [10.875, 8, 10.75, 7.75], "texture": "#0", "cullface": "up"},
				"down": {"uv": [10.875, 10, 10.75, 10.25], "texture": "#0", "cullface": "down"}
			}
		},
		{
			"name": "bolt",
			"from": [14.09805, 7.75, 3.75],
			"to": [14.59805, 8.25, 4.5],
			"rotation": {"angle": 22.5, "axis": "x", "origin": [7.99524, 8.25906, 5.96938]},
			"faces": {
				"north": {"uv": [8.75, 11.625, 8.84375, 11.71875], "texture": "#0", "cullface": "north"},
				"east": {"uv": [10.75, 10.375, 11, 10.5], "texture": "#0", "cullface": "east"},
				"south": {"uv": [9, 11.625, 9.125, 11.75], "texture": "#0", "cullface": "south"},
				"west": {"uv": [0, 10.875, 0.25, 11], "texture": "#0", "cullface": "west"},
				"up": {"uv": [1.375, 11.125, 1.25, 10.875], "texture": "#0", "cullface": "up"},
				"down": {"uv": [1.625, 10.875, 1.5, 11.125], "texture": "#0", "cullface": "down"}
			}
		},
		{
			"name": "bolt",
			"from": [14.09805, 1.25, 3.75],
			"to": [14.59805, 1.75, 4.5],
			"rotation": {"angle": 22.5, "axis": "x", "origin": [7.99524, 8.25906, 5.96938]},
			"faces": {
				"north": {"uv": [9.625, 11.625, 9.71875, 11.71875], "texture": "#0", "cullface": "north"},
				"east": {"uv": [8.625, 10.875, 8.875, 11], "texture": "#0", "cullface": "east"},
				"south": {"uv": [10.375, 11.625, 10.5, 11.75], "texture": "#0", "cullface": "south"},
				"west": {"uv": [9, 10.875, 9.25, 11], "texture": "#0", "cullface": "west"},
				"up": {"uv": [1.875, 11.125, 1.75, 10.875], "texture": "#0", "cullface": "up"},
				"down": {"uv": [6.75, 10.875, 6.625, 11.125], "texture": "#0", "cullface": "down"}
			}
		},
		{
			"name": "bolt",
			"from": [1.34805, 7.75, 3.75],
			"to": [1.84805, 8.25, 4.5],
			"rotation": {"angle": 22.5, "axis": "x", "origin": [7.99524, 8.25906, 5.96938]},
			"faces": {
				"north": {"uv": [10.625, 11.625, 10.71875, 11.71875], "texture": "#0", "cullface": "north"},
				"east": {"uv": [10.875, 10.875, 11.125, 11], "texture": "#0", "cullface": "east"},
				"south": {"uv": [10.875, 11.625, 11, 11.75], "texture": "#0", "cullface": "south"},
				"west": {"uv": [10.875, 3.5, 11.125, 3.625], "texture": "#0", "cullface": "west"},
				"up": {"uv": [10.25, 11.125, 10.125, 10.875], "texture": "#0", "cullface": "up"},
				"down": {"uv": [11, 3.75, 10.875, 4], "texture": "#0", "cullface": "down"}
			}
		},
		{
			"name": "bolt",
			"from": [1.34805, 1.25, 3.75],
			"to": [1.84805, 1.75, 4.5],
			"rotation": {"angle": 22.5, "axis": "x", "origin": [7.99524, 8.25906, 5.96938]},
			"faces": {
				"north": {"uv": [11.625, 0.5, 11.71875, 0.59375], "texture": "#0", "cullface": "north"},
				"east": {"uv": [10.875, 4.125, 11.125, 4.25], "texture": "#0", "cullface": "east"},
				"south": {"uv": [11.625, 1.25, 11.75, 1.375], "texture": "#0", "cullface": "south"},
				"west": {"uv": [10.875, 4.375, 11.125, 4.5], "texture": "#0", "cullface": "west"},
				"up": {"uv": [11, 4.875, 10.875, 4.625], "texture": "#0", "cullface": "up"},
				"down": {"uv": [11, 8.125, 10.875, 8.375], "texture": "#0", "cullface": "down"}
			}
		},
		{
			"name": "display",
			"from": [9.14805, 8.25, 3.675],
			"to": [12.99805, 14.25, 4.075],
			"rotation": {"angle": 22.5, "axis": "x", "origin": [7.99524, 8.25906, 5.96938]},
			"faces": {
				"north": {"uv": [8.25, 1.75, 8.75, 2.5], "texture": "#0", "cullface": "north"},
				"east": {"uv": [7.375, 9.125, 7.5, 9.875], "texture": "#0", "cullface": "east"},
				"south": {"uv": [8.25, 2.625, 8.75, 3.375], "texture": "#0", "cullface": "south"},
				"west": {"uv": [7.625, 9.125, 7.75, 9.875], "texture": "#0", "cullface": "west"},
				"up": {"uv": [10.5, 1.875, 10, 1.75], "texture": "#0", "cullface": "up"},
				"down": {"uv": [10.625, 1.5, 10.125, 1.625], "texture": "#0", "cullface": "down"}
			}
		},
		{
			"name": "display",
			"from": [2.99805, 8.25, 3.675],
			"to": [6.89805, 14.25, 4.075],
			"rotation": {"angle": 22.5, "axis": "x", "origin": [7.99524, 8.25906, 5.96938]},
			"faces": {
				"north": {"uv": [8.25, 0, 8.75, 0.75], "texture": "#0", "cullface": "north"},
				"east": {"uv": [6.875, 9.125, 7, 9.875], "texture": "#0", "cullface": "east"},
				"south": {"uv": [8.25, 0.875, 8.75, 1.625], "texture": "#0", "cullface": "south"},
				"west": {"uv": [7.125, 9.125, 7.25, 9.875], "texture": "#0", "cullface": "west"},
				"up": {"uv": [7.625, 8.125, 7.125, 8], "texture": "#0", "cullface": "up"},
				"down": {"uv": [10.125, 8, 9.625, 8.125], "texture": "#0", "cullface": "down"}
			}
		},
		{
			"from": [8.64805, 14.25, 3.25],
			"to": [13.49805, 14.75, 3.75],
			"rotation": {"angle": 22.5, "axis": "x", "origin": [7.99524, 8.25906, 5.96938]},
			"faces": {
				"north": {"uv": [4.5, 8.5, 5.125, 8.625], "texture": "#0", "cullface": "north"},
				"east": {"uv": [10.125, 6, 10.25, 6.125], "texture": "#0", "cullface": "east"},
				"south": {"uv": [9.375, 1.5, 10, 1.625], "texture": "#0", "cullface": "south"},
				"west": {"uv": [0, 11.5, 0.125, 11.625], "texture": "#0", "cullface": "west"},
				"up": {"uv": [10, 5.375, 9.375, 5.25], "texture": "#0", "cullface": "up"},
				"down": {"uv": [10, 5.5, 9.375, 5.625], "texture": "#0", "cullface": "down"}
			}
		},
		{
			"from": [12.99805, 8.25, 3.25],
			"to": [13.49805, 14.25, 3.75],
			"rotation": {"angle": 22.5, "axis": "x", "origin": [7.99524, 8.25906, 5.96938]},
			"faces": {
				"north": {"uv": [7.875, 9.125, 8, 9.875], "texture": "#0", "cullface": "north"},
				"east": {"uv": [8.125, 9.125, 8.25, 9.875], "texture": "#0", "cullface": "east"},
				"south": {"uv": [8.375, 9.125, 8.5, 9.875], "texture": "#0", "cullface": "south"},
				"west": {"uv": [9.125, 0, 9.25, 0.75], "texture": "#0", "cullface": "west"},
				"up": {"uv": [11.625, 11.625, 11.5, 11.5], "texture": "#0", "cullface": "up"},
				"down": {"uv": [11.625, 1.625, 11.5, 1.75], "texture": "#0", "cullface": "down"}
			}
		},
		{
			"from": [8.64805, 8.25, 3.25],
			"to": [9.14805, 14.25, 3.75],
			"rotation": {"angle": 22.5, "axis": "x", "origin": [7.99524, 8.25906, 5.96938]},
			"faces": {
				"north": {"uv": [9.125, 0.875, 9.25, 1.625], "texture": "#0", "cullface": "north"},
				"east": {"uv": [9.125, 5.25, 9.25, 6], "texture": "#0", "cullface": "east"},
				"south": {"uv": [8.625, 9.25, 8.75, 10], "texture": "#0", "cullface": "south"},
				"west": {"uv": [8.875, 9.25, 9, 10], "texture": "#0", "cullface": "west"},
				"up": {"uv": [11.625, 3.875, 11.5, 3.75], "texture": "#0", "cullface": "up"},
				"down": {"uv": [11.625, 7.25, 11.5, 7.375], "texture": "#0", "cullface": "down"}
			}
		},
		{
			"from": [8.64805, 7.75, 3.25],
			"to": [13.49805, 8.25, 3.75],
			"rotation": {"angle": 22.5, "axis": "x", "origin": [7.99524, 8.25906, 5.96938]},
			"faces": {
				"north": {"uv": [9.375, 5.75, 10, 5.875], "texture": "#0", "cullface": "north"},
				"east": {"uv": [11.5, 7.5, 11.625, 7.625], "texture": "#0", "cullface": "east"},
				"south": {"uv": [9.375, 6, 10, 6.125], "texture": "#0", "cullface": "south"},
				"west": {"uv": [11.5, 8.5, 11.625, 8.625], "texture": "#0", "cullface": "west"},
				"up": {"uv": [2.75, 9.75, 2.125, 9.625], "texture": "#0", "cullface": "up"},
				"down": {"uv": [3.5, 9.625, 2.875, 9.75], "texture": "#0", "cullface": "down"}
			}
		},
		{
			"from": [2.49805, 14.25, 3.25],
			"to": [7.39805, 14.75, 3.75],
			"rotation": {"angle": 22.5, "axis": "x", "origin": [7.99524, 8.25906, 5.96938]},
			"faces": {
				"north": {"uv": [9.375, 9.625, 10, 9.75], "texture": "#0", "cullface": "north"},
				"east": {"uv": [11.5, 9.75, 11.625, 9.875], "texture": "#0", "cullface": "east"},
				"south": {"uv": [9.625, 6.25, 10.25, 6.375], "texture": "#0", "cullface": "south"},
				"west": {"uv": [0.25, 11.625, 0.375, 11.75], "texture": "#0", "cullface": "west"},
				"up": {"uv": [10.25, 6.625, 9.625, 6.5], "texture": "#0", "cullface": "up"},
				"down": {"uv": [10.25, 6.75, 9.625, 6.875], "texture": "#0", "cullface": "down"}
			}
		},
		{
			"from": [6.89805, 8.25, 3.25],
			"to": [7.39805, 14.25, 3.75],
			"rotation": {"angle": 22.5, "axis": "x", "origin": [7.99524, 8.25906, 5.96938]},
			"faces": {
				"north": {"uv": [9.125, 9.25, 9.25, 10], "texture": "#0", "cullface": "north"},
				"east": {"uv": [4.875, 9.375, 5, 10.125], "texture": "#0", "cullface": "east"},
				"south": {"uv": [5.125, 9.375, 5.25, 10.125], "texture": "#0", "cullface": "south"},
				"west": {"uv": [5.375, 9.375, 5.5, 10.125], "texture": "#0", "cullface": "west"},
				"up": {"uv": [0.625, 11.75, 0.5, 11.625], "texture": "#0", "cullface": "up"},
				"down": {"uv": [0.875, 11.625, 0.75, 11.75], "texture": "#0", "cullface": "down"}
			}
		},
		{
			"from": [2.49805, 8.25, 3.25],
			"to": [2.99805, 14.25, 3.75],
			"rotation": {"angle": 22.5, "axis": "x", "origin": [7.99524, 8.25906, 5.96938]},
			"faces": {
				"north": {"uv": [5.625, 9.375, 5.75, 10.125], "texture": "#0", "cullface": "north"},
				"east": {"uv": [5.875, 9.375, 6, 10.125], "texture": "#0", "cullface": "east"},
				"south": {"uv": [6.125, 9.375, 6.25, 10.125], "texture": "#0", "cullface": "south"},
				"west": {"uv": [6.375, 9.375, 6.5, 10.125], "texture": "#0", "cullface": "west"},
				"up": {"uv": [1.125, 11.75, 1, 11.625], "texture": "#0", "cullface": "up"},
				"down": {"uv": [2.125, 11.625, 2, 11.75], "texture": "#0", "cullface": "down"}
			}
		},
		{
			"from": [2.49805, 7.75, 3.25],
			"to": [7.39805, 8.25, 3.75],
			"rotation": {"angle": 22.5, "axis": "x", "origin": [7.99524, 8.25906, 5.96938]},
			"faces": {
				"north": {"uv": [9.625, 7, 10.25, 7.125], "texture": "#0", "cullface": "north"},
				"east": {"uv": [2.25, 11.625, 2.375, 11.75], "texture": "#0", "cullface": "east"},
				"south": {"uv": [9.625, 7.25, 10.25, 7.375], "texture": "#0", "cullface": "south"},
				"west": {"uv": [2.5, 11.625, 2.625, 11.75], "texture": "#0", "cullface": "west"},
				"up": {"uv": [10.25, 7.625, 9.625, 7.5], "texture": "#0", "cullface": "up"},
				"down": {"uv": [10.25, 7.75, 9.625, 7.875], "texture": "#0", "cullface": "down"}
			}
		},
		{
			"name": "botton",
			"from": [12.99805, 4.675, 4.5],
			"to": [14.49805, 6.175, 5.5],
			"shade": false,
			"rotation": {"angle": 22.5, "axis": "x", "origin": [7.99524, 8.25906, 5.96938]},
			"faces": {
				"north": {"uv": [10.125, 9.625, 10.375, 9.875], "texture": "#0", "cullface": "north"},
				"east": {"uv": [10.875, 9.625, 11, 9.875], "texture": "#0", "cullface": "east"},
				"south": {"uv": [10.25, 0, 10.5, 0.25], "texture": "#0", "cullface": "south"},
				"west": {"uv": [0.375, 11, 0.5, 11.25], "texture": "#0", "cullface": "west"},
				"up": {"uv": [11.125, 5.125, 10.875, 5], "texture": "#0", "cullface": "up"},
				"down": {"uv": [11.125, 8.75, 10.875, 8.875], "texture": "#0", "cullface": "down"}
			}
		},
		{
			"name": "botton",
			"from": [1.49805, 4.675, 4.5],
			"to": [2.99805, 6.175, 5.5],
			"shade": false,
			"rotation": {"angle": 22.5, "axis": "x", "origin": [7.99524, 8.25906, 5.96938]},
			"faces": {
				"north": {"uv": [4.5, 10.75, 4.75, 11], "texture": "#0", "cullface": "north"},
				"east": {"uv": [2.5, 11.25, 2.625, 11.5], "texture": "#0", "cullface": "east"},
				"south": {"uv": [6.875, 10.75, 7.125, 11], "texture": "#0", "cullface": "south"},
				"west": {"uv": [5.125, 11.25, 5.25, 11.5], "texture": "#0", "cullface": "west"},
				"up": {"uv": [5.625, 11.375, 5.375, 11.25], "texture": "#0", "cullface": "up"},
				"down": {"uv": [7.5, 11.25, 7.25, 11.375], "texture": "#0", "cullface": "down"}
			}
		},
		{
			"name": "botton",
			"from": [12.99805, 2.825, 4.5],
			"to": [14.49805, 4.325, 5.5],
			"shade": false,
			"rotation": {"angle": 22.5, "axis": "x", "origin": [7.99524, 8.25906, 5.96938]},
			"faces": {
				"north": {"uv": [10.5, 7.5, 10.625, 7.625], "texture": "#0", "cullface": "north"},
				"east": {"uv": [15.65625, 15.38125, 15.78125, 15.56875], "texture": "#0", "cullface": "east"},
				"south": {"uv": [1.62476, 15.38125, 1.81226, 15.56875], "texture": "#0", "cullface": "south"},
				"west": {"uv": [0.21875, 15.38125, 0.34375, 15.56875], "texture": "#0", "cullface": "west"},
				"up": {"uv": [1.62476, 0.21875, 1.81226, 0.34375], "texture": "#0", "cullface": "up"},
				"down": {"uv": [1.62476, 15.65625, 1.81226, 15.78125], "texture": "#0", "cullface": "down"}
			}
		},
		{
			"name": "botton",
			"from": [1.49805, 2.825, 4.5],
			"to": [2.99805, 4.325, 5.5],
			"shade": false,
			"rotation": {"angle": 22.5, "axis": "x", "origin": [7.99524, 8.25906, 5.96938]},
			"faces": {
				"north": {"uv": [7.625, 11.25, 7.875, 11.375], "texture": "#0", "cullface": "north"},
				"east": {"uv": [11.625, 2.375, 11.75, 2.5], "texture": "#0", "cullface": "east"},
				"south": {"uv": [8.25, 11.25, 8.5, 11.375], "texture": "#0", "cullface": "south"},
				"west": {"uv": [11.625, 3.5, 11.75, 3.625], "texture": "#0", "cullface": "west"},
				"up": {"uv": [9.5, 11.375, 9.25, 11.25], "texture": "#0", "cullface": "up"},
				"down": {"uv": [10.25, 11.25, 10, 11.375], "texture": "#0", "cullface": "down"}
			}
		},
		{
			"name": "botton",
			"from": [11.09805, 3.775, 4.5],
			"to": [12.59805, 5.275, 5.5],
			"shade": false,
			"rotation": {"angle": 22.5, "axis": "x", "origin": [7.99524, 8.25906, 5.96938]},
			"faces": {
				"north": {"uv": [10.25, 0.375, 10.5, 0.625], "texture": "#0", "cullface": "north"},
				"east": {"uv": [1, 11, 1.125, 11.25], "texture": "#0", "cullface": "east"},
				"south": {"uv": [10.25, 0.75, 10.5, 1], "texture": "#0", "cullface": "south"},
				"west": {"uv": [2.75, 11, 2.875, 11.25], "texture": "#0", "cullface": "west"},
				"up": {"uv": [3.25, 11.125, 3, 11], "texture": "#0", "cullface": "up"},
				"down": {"uv": [3.625, 11, 3.375, 11.125], "texture": "#0", "cullface": "down"}
			}
		},
		{
			"name": "botton",
			"from": [9.14805, 3.775, 4.5],
			"to": [10.64805, 5.275, 5.5],
			"shade": false,
			"rotation": {"angle": 22.5, "axis": "x", "origin": [7.99524, 8.25906, 5.96938]},
			"faces": {
				"north": {"uv": [10.375, 7.125, 10.625, 7.375], "texture": "#0", "cullface": "north"},
				"east": {"uv": [10.625, 11, 10.75, 11.25], "texture": "#0", "cullface": "east"},
				"south": {"uv": [10.375, 7.5, 10.625, 7.75], "texture": "#0", "cullface": "south"},
				"west": {"uv": [11, 0.5, 11.125, 0.75], "texture": "#0", "cullface": "west"},
				"up": {"uv": [11.25, 1, 11, 0.875], "texture": "#0", "cullface": "up"},
				"down": {"uv": [11.25, 1.125, 11, 1.25], "texture": "#0", "cullface": "down"}
			}
		},
		{
			"name": "botton",
			"from": [7.24805, 3.775, 4.5],
			"to": [8.74805, 5.275, 5.5],
			"shade": false,
			"rotation": {"angle": 22.5, "axis": "x", "origin": [7.99524, 8.25906, 5.96938]},
			"faces": {
				"north": {"uv": [1.625, 10.5, 1.875, 10.75], "texture": "#0", "cullface": "north"},
				"east": {"uv": [0, 11.125, 0.125, 11.375], "texture": "#0", "cullface": "east"},
				"south": {"uv": [10.5, 9.625, 10.75, 9.875], "texture": "#0", "cullface": "south"},
				"west": {"uv": [4, 11.125, 4.125, 11.375], "texture": "#0", "cullface": "west"},
				"up": {"uv": [4.5, 11.25, 4.25, 11.125], "texture": "#0", "cullface": "up"},
				"down": {"uv": [7.125, 11.125, 6.875, 11.25], "texture": "#0", "cullface": "down"}
			}
		},
		{
			"name": "botton",
			"from": [5.29805, 3.775, 4.5],
			"to": [6.79805, 5.275, 5.5],
			"shade": false,
			"rotation": {"angle": 22.5, "axis": "x", "origin": [7.99524, 8.25906, 5.96938]},
			"faces": {
				"north": {"uv": [9.375, 10.625, 9.625, 10.875], "texture": "#0", "cullface": "north"},
				"east": {"uv": [11.125, 4.625, 11.25, 4.875], "texture": "#0", "cullface": "east"},
				"south": {"uv": [9.75, 10.625, 10, 10.875], "texture": "#0", "cullface": "south"},
				"west": {"uv": [11.125, 6, 11.25, 6.25], "texture": "#0", "cullface": "west"},
				"up": {"uv": [11.375, 7.375, 11.125, 7.25], "texture": "#0", "cullface": "up"},
				"down": {"uv": [11.375, 7.5, 11.125, 7.625], "texture": "#0", "cullface": "down"}
			}
		},
		{
			"name": "botton",
			"from": [3.39805, 3.775, 4.5],
			"to": [4.89805, 5.275, 5.5],
			"shade": false,
			"rotation": {"angle": 22.5, "axis": "x", "origin": [7.99524, 8.25906, 5.96938]},
			"faces": {
				"north": {"uv": [10.625, 9, 10.875, 9.25], "texture": "#0", "cullface": "north"},
				"east": {"uv": [2, 11.25, 2.125, 11.5], "texture": "#0", "cullface": "east"},
				"south": {"uv": [4.125, 10.75, 4.375, 11], "texture": "#0", "cullface": "south"},
				"west": {"uv": [2.25, 11.25, 2.375, 11.5], "texture": "#0", "cullface": "west"},
				"up": {"uv": [3.25, 11.375, 3, 11.25], "texture": "#0", "cullface": "up"},
				"down": {"uv": [3.625, 11.25, 3.375, 11.375], "texture": "#0", "cullface": "down"}
			}
		},
		{
			"name": "botton",
			"from": [11.09805, 1.925, 4.5],
			"to": [12.59805, 3.425, 5.5],
			"shade": false,
			"rotation": {"angle": 22.5, "axis": "x", "origin": [7.99524, 8.25906, 5.96938]},
			"faces": {
				"north": {"uv": [10.375, 10.375, 10.625, 10.625], "texture": "#0", "cullface": "north"},
				"east": {"uv": [5.875, 11, 6, 11.25], "texture": "#0", "cullface": "east"},
				"south": {"uv": [10.375, 5.25, 10.625, 5.5], "texture": "#0", "cullface": "south"},
				"west": {"uv": [6.125, 11, 6.25, 11.25], "texture": "#0", "cullface": "west"},
				"up": {"uv": [7.5, 11.125, 7.25, 11], "texture": "#0", "cullface": "up"},
				"down": {"uv": [7.875, 11, 7.625, 11.125], "texture": "#0", "cullface": "down"}
			}
		},
		{
			"name": "botton",
			"from": [9.14805, 1.925, 4.5],
			"to": [10.64805, 3.425, 5.5],
			"shade": false,
			"rotation": {"angle": 22.5, "axis": "x", "origin": [7.99524, 8.25906, 5.96938]},
			"faces": {
				"north": {"uv": [10.375, 5.625, 10.625, 5.875], "texture": "#0", "cullface": "north"},
				"east": {"uv": [6.375, 11, 6.5, 11.25], "texture": "#0", "cullface": "east"},
				"south": {"uv": [10.375, 6, 10.625, 6.25], "texture": "#0", "cullface": "south"},
				"west": {"uv": [8, 11, 8.125, 11.25], "texture": "#0", "cullface": "west"},
				"up": {"uv": [8.5, 11.125, 8.25, 11], "texture": "#0", "cullface": "up"},
				"down": {"uv": [9.625, 11, 9.375, 11.125], "texture": "#0", "cullface": "down"}
			}
		},
		{
			"name": "botton",
			"from": [7.24805, 1.925, 4.5],
			"to": [8.74805, 3.425, 5.5],
			"shade": false,
			"rotation": {"angle": 22.5, "axis": "x", "origin": [7.99524, 8.25906, 5.96938]},
			"faces": {
				"north": {"uv": [10.375, 7.875, 10.625, 8.125], "texture": "#0", "cullface": "north"},
				"east": {"uv": [11, 5.25, 11.125, 5.5], "texture": "#0", "cullface": "east"},
				"south": {"uv": [10.375, 10, 10.625, 10.25], "texture": "#0", "cullface": "south"},
				"west": {"uv": [11, 5.625, 11.125, 5.875], "texture": "#0", "cullface": "west"},
				"up": {"uv": [11.25, 6.625, 11, 6.5], "texture": "#0", "cullface": "up"},
				"down": {"uv": [11.25, 6.75, 11, 6.875], "texture": "#0", "cullface": "down"}
			}
		},
		{
			"name": "botton",
			"from": [5.29805, 1.925, 4.5],
			"to": [6.79805, 3.425, 5.5],
			"shade": false,
			"rotation": {"angle": 22.5, "axis": "x", "origin": [7.99524, 8.25906, 5.96938]},
			"faces": {
				"north": {"uv": [2, 10.625, 2.25, 10.875], "texture": "#0", "cullface": "north"},
				"east": {"uv": [4.625, 11.125, 4.75, 11.375], "texture": "#0", "cullface": "east"},
				"south": {"uv": [2.375, 10.625, 2.625, 10.875], "texture": "#0", "cullface": "south"},
				"west": {"uv": [8.625, 11.125, 8.75, 11.375], "texture": "#0", "cullface": "west"},
				"up": {"uv": [9.125, 11.25, 8.875, 11.125], "texture": "#0", "cullface": "up"},
				"down": {"uv": [11.125, 11.125, 10.875, 11.25], "texture": "#0", "cullface": "down"}
			}
		},
		{
			"name": "botton",
			"from": [3.39805, 1.925, 4.5],
			"to": [4.89805, 3.425, 5.5],
			"shade": false,
			"rotation": {"angle": 22.5, "axis": "x", "origin": [7.99524, 8.25906, 5.96938]},
			"faces": {
				"north": {"uv": [10.625, 0, 10.875, 0.25], "texture": "#0", "cullface": "north"},
				"east": {"uv": [11.125, 8.125, 11.25, 8.375], "texture": "#0", "cullface": "east"},
				"south": {"uv": [10.625, 0.375, 10.875, 0.625], "texture": "#0", "cullface": "south"},
				"west": {"uv": [11.125, 9.375, 11.25, 9.625], "texture": "#0", "cullface": "west"},
				"up": {"uv": [11.375, 8.625, 11.125, 8.5], "texture": "#0", "cullface": "up"},
				"down": {"uv": [11.375, 9.75, 11.125, 9.875], "texture": "#0", "cullface": "down"}
			}
		},
		{
			"name": "botton",
			"from": [11.09805, 5.65, 4.5],
			"to": [12.59805, 7.15, 5.5],
			"shade": false,
			"rotation": {"angle": 22.5, "axis": "x", "origin": [7.99524, 8.25906, 5.96938]},
			"faces": {
				"north": {"uv": [10.25, 1.125, 10.5, 1.375], "texture": "#0", "cullface": "north"},
				"east": {"uv": [3.75, 11, 3.875, 11.25], "texture": "#0", "cullface": "east"},
				"south": {"uv": [10.25, 9.25, 10.5, 9.5], "texture": "#0", "cullface": "south"},
				"west": {"uv": [4.875, 11, 5, 11.25], "texture": "#0", "cullface": "west"},
				"up": {"uv": [5.375, 11.125, 5.125, 11], "texture": "#0", "cullface": "up"},
				"down": {"uv": [5.75, 11, 5.5, 11.125], "texture": "#0", "cullface": "down"}
			}
		},
		{
			"name": "botton",
			"from": [9.14805, 5.65, 4.5],
			"to": [10.64805, 7.15, 5.5],
			"shade": false,
			"rotation": {"angle": 22.5, "axis": "x", "origin": [7.99524, 8.25906, 5.96938]},
			"faces": {
				"north": {"uv": [10.375, 6.375, 10.625, 6.625], "texture": "#0", "cullface": "north"},
				"east": {"uv": [9.75, 11, 9.875, 11.25], "texture": "#0", "cullface": "east"},
				"south": {"uv": [10.375, 6.75, 10.625, 7], "texture": "#0", "cullface": "south"},
				"west": {"uv": [10.375, 11, 10.5, 11.25], "texture": "#0", "cullface": "west"},
				"up": {"uv": [11.25, 0.125, 11, 0], "texture": "#0", "cullface": "up"},
				"down": {"uv": [11.25, 0.25, 11, 0.375], "texture": "#0", "cullface": "down"}
			}
		},
		{
			"name": "botton",
			"from": [7.24805, 5.65, 4.5],
			"to": [8.74805, 7.15, 5.5],
			"shade": false,
			"rotation": {"angle": 22.5, "axis": "x", "origin": [7.99524, 8.25906, 5.96938]},
			"faces": {
				"north": {"uv": [0, 10.5, 0.25, 10.75], "texture": "#0", "cullface": "north"},
				"east": {"uv": [11, 7.75, 11.125, 8], "texture": "#0", "cullface": "east"},
				"south": {"uv": [1.25, 10.5, 1.5, 10.75], "texture": "#0", "cullface": "south"},
				"west": {"uv": [11, 9, 11.125, 9.25], "texture": "#0", "cullface": "west"},
				"up": {"uv": [11.25, 7.125, 11, 7], "texture": "#0", "cullface": "up"},
				"down": {"uv": [11.25, 10, 11, 10.125], "texture": "#0", "cullface": "down"}
			}
		},
		{
			"name": "botton",
			"from": [5.29805, 5.65, 4.5],
			"to": [6.79805, 7.15, 5.5],
			"shade": false,
			"rotation": {"angle": 22.5, "axis": "x", "origin": [7.99524, 8.25906, 5.96938]},
			"faces": {
				"north": {"uv": [2.75, 10.625, 3, 10.875], "texture": "#0", "cullface": "north"},
				"east": {"uv": [11.125, 2.75, 11.25, 3], "texture": "#0", "cullface": "east"},
				"south": {"uv": [3.125, 10.625, 3.375, 10.875], "texture": "#0", "cullface": "south"},
				"west": {"uv": [11.125, 3.125, 11.25, 3.375], "texture": "#0", "cullface": "west"},
				"up": {"uv": [11.375, 1.875, 11.125, 1.75], "texture": "#0", "cullface": "up"},
				"down": {"uv": [11.375, 3.75, 11.125, 3.875], "texture": "#0", "cullface": "down"}
			}
		},
		{
			"name": "botton",
			"from": [3.39805, 5.65, 4.5],
			"to": [4.89805, 7.15, 5.5],
			"shade": false,
			"rotation": {"angle": 22.5, "axis": "x", "origin": [7.99524, 8.25906, 5.96938]},
			"faces": {
				"north": {"uv": [10.625, 0.75, 10.875, 1], "texture": "#0", "cullface": "north"},
				"east": {"uv": [11.125, 10.25, 11.25, 10.5], "texture": "#0", "cullface": "east"},
				"south": {"uv": [10.625, 1.125, 10.875, 1.375], "texture": "#0", "cullface": "south"},
				"west": {"uv": [0.625, 11.25, 0.75, 11.5], "texture": "#0", "cullface": "west"},
				"up": {"uv": [1.5, 11.375, 1.25, 11.25], "texture": "#0", "cullface": "up"},
				"down": {"uv": [1.875, 11.25, 1.625, 11.375], "texture": "#0", "cullface": "down"}
			}
		},
		{
			"name": "frames",
			"from": [4.89805, 1.925, 3.75],
			"to": [5.29805, 7.15, 4.75],
			"rotation": {"angle": 22.5, "axis": "x", "origin": [7.99524, 8.25906, 5.96938]},
			"faces": {
				"north": {"uv": [0, 9.75, 0.125, 10.375], "texture": "#0", "cullface": "north"},
				"east": {"uv": [0.25, 9.75, 0.375, 10.375], "texture": "#0", "cullface": "east"},
				"south": {"uv": [2.125, 9.875, 2.25, 10.5], "texture": "#0", "cullface": "south"},
				"west": {"uv": [2.375, 9.875, 2.5, 10.5], "texture": "#0", "cullface": "west"},
				"up": {"uv": [11.75, 4.125, 11.625, 4], "texture": "#0", "cullface": "up"},
				"down": {"uv": [11.75, 4.25, 11.625, 4.375], "texture": "#0", "cullface": "down"}
			}
		},
		{
			"name": "frames",
			"from": [2.99805, 1.925, 3.75],
			"to": [3.39805, 7.15, 4.75],
			"rotation": {"angle": 22.5, "axis": "x", "origin": [7.99524, 8.25906, 5.96938]},
			"faces": {
				"north": {"uv": [8.375, 10, 8.5, 10.625], "texture": "#0", "cullface": "north"},
				"east": {"uv": [8.625, 10.125, 8.75, 10.75], "texture": "#0", "cullface": "east"},
				"south": {"uv": [8.875, 10.125, 9, 10.75], "texture": "#0", "cullface": "south"},
				"west": {"uv": [9.125, 10.125, 9.25, 10.75], "texture": "#0", "cullface": "west"},
				"up": {"uv": [11.75, 10.875, 11.625, 10.75], "texture": "#0", "cullface": "up"},
				"down": {"uv": [11.75, 11, 11.625, 11.125], "texture": "#0", "cullface": "down"}
			}
		},
		{
			"name": "frames",
			"from": [1.24805, 1.925, 3.75],
			"to": [1.49805, 7.15, 4.75],
			"rotation": {"angle": 22.5, "axis": "x", "origin": [7.99524, 8.25906, 5.96938]},
			"faces": {
				"north": {"uv": [5.375, 10.25, 5.5, 10.875], "texture": "#0", "cullface": "north"},
				"east": {"uv": [5.625, 10.25, 5.75, 10.875], "texture": "#0", "cullface": "east"},
				"south": {"uv": [5.875, 10.25, 6, 10.875], "texture": "#0", "cullface": "south"},
				"west": {"uv": [6.125, 10.25, 6.25, 10.875], "texture": "#0", "cullface": "west"},
				"up": {"uv": [11.75, 11.875, 11.625, 11.75], "texture": "#0", "cullface": "up"},
				"down": {"uv": [11.875, 0, 11.75, 0.125], "texture": "#0", "cullface": "down"}
			}
		},
		{
			"name": "frames",
			"from": [6.79805, 1.925, 3.75],
			"to": [7.24805, 7.15, 4.75],
			"rotation": {"angle": 22.5, "axis": "x", "origin": [7.99524, 8.25906, 5.96938]},
			"faces": {
				"north": {"uv": [2.625, 9.875, 2.75, 10.5], "texture": "#0", "cullface": "north"},
				"east": {"uv": [2.875, 9.875, 3, 10.5], "texture": "#0", "cullface": "east"},
				"south": {"uv": [3.125, 9.875, 3.25, 10.5], "texture": "#0", "cullface": "south"},
				"west": {"uv": [3.375, 9.875, 3.5, 10.5], "texture": "#0", "cullface": "west"},
				"up": {"uv": [11.75, 5.125, 11.625, 5], "texture": "#0", "cullface": "up"},
				"down": {"uv": [11.75, 5.25, 11.625, 5.375], "texture": "#0", "cullface": "down"}
			}
		},
		{
			"name": "frames",
			"from": [8.74805, 1.925, 3.75],
			"to": [9.14805, 7.15, 4.75],
			"rotation": {"angle": 22.5, "axis": "x", "origin": [7.99524, 8.25906, 5.96938]},
			"faces": {
				"north": {"uv": [4.125, 9.875, 4.25, 10.5], "texture": "#0", "cullface": "north"},
				"east": {"uv": [9.375, 9.875, 9.5, 10.5], "texture": "#0", "cullface": "east"},
				"south": {"uv": [9.625, 9.875, 9.75, 10.5], "texture": "#0", "cullface": "south"},
				"west": {"uv": [9.875, 9.875, 10, 10.5], "texture": "#0", "cullface": "west"},
				"up": {"uv": [11.75, 5.625, 11.625, 5.5], "texture": "#0", "cullface": "up"},
				"down": {"uv": [11.75, 5.75, 11.625, 5.875], "texture": "#0", "cullface": "down"}
			}
		},
		{
			"name": "frames",
			"from": [10.64805, 1.925, 3.75],
			"to": [11.09805, 7.15, 4.75],
			"rotation": {"angle": 22.5, "axis": "x", "origin": [7.99524, 8.25906, 5.96938]},
			"faces": {
				"north": {"uv": [4.375, 10, 4.5, 10.625], "texture": "#0", "cullface": "north"},
				"east": {"uv": [4.625, 10, 4.75, 10.625], "texture": "#0", "cullface": "east"},
				"south": {"uv": [6.875, 10, 7, 10.625], "texture": "#0", "cullface": "south"},
				"west": {"uv": [7.125, 10, 7.25, 10.625], "texture": "#0", "cullface": "west"},
				"up": {"uv": [11.75, 7.875, 11.625, 7.75], "texture": "#0", "cullface": "up"},
				"down": {"uv": [11.75, 8.75, 11.625, 8.875], "texture": "#0", "cullface": "down"}
			}
		},
		{
			"name": "frames",
			"from": [12.59805, 1.925, 3.75],
			"to": [12.99805, 7.15, 4.75],
			"rotation": {"angle": 22.5, "axis": "x", "origin": [7.99524, 8.25906, 5.96938]},
			"faces": {
				"north": {"uv": [7.375, 10, 7.5, 10.625], "texture": "#0", "cullface": "north"},
				"east": {"uv": [7.625, 10, 7.75, 10.625], "texture": "#0", "cullface": "east"},
				"south": {"uv": [7.875, 10, 8, 10.625], "texture": "#0", "cullface": "south"},
				"west": {"uv": [8.125, 10, 8.25, 10.625], "texture": "#0", "cullface": "west"},
				"up": {"uv": [11.75, 9.125, 11.625, 9], "texture": "#0", "cullface": "up"},
				"down": {"uv": [11.75, 10.5, 11.625, 10.625], "texture": "#0", "cullface": "down"}
			}
		},
		{
			"name": "frames",
			"from": [14.49805, 1.925, 3.75],
			"to": [14.74805, 7.15, 4.75],
			"rotation": {"angle": 22.5, "axis": "x", "origin": [7.99524, 8.25906, 5.96938]},
			"faces": {
				"north": {"uv": [10.125, 10.125, 10.25, 10.75], "texture": "#0", "cullface": "north"},
				"east": {"uv": [10.125, 5.25, 10.25, 5.875], "texture": "#0", "cullface": "east"},
				"south": {"uv": [4.875, 10.25, 5, 10.875], "texture": "#0", "cullface": "south"},
				"west": {"uv": [5.125, 10.25, 5.25, 10.875], "texture": "#0", "cullface": "west"},
				"up": {"uv": [11.25, 11.875, 11.125, 11.75], "texture": "#0", "cullface": "up"},
				"down": {"uv": [11.5, 11.75, 11.375, 11.875], "texture": "#0", "cullface": "down"}
			}
		},
		{
			"name": "frames2",
			"from": [11.09805, 5.275, 3.75],
			"to": [12.59805, 5.65, 4.75],
			"rotation": {"angle": 22.5, "axis": "x", "origin": [7.99524, 8.25906, 5.96938]},
			"faces": {
				"north": {"uv": [11.25, 11.25, 11.5, 11.375], "texture": "#0", "cullface": "north"},
				"east": {"uv": [11.625, 11.25, 11.75, 11.375], "texture": "#0", "cullface": "east"},
				"south": {"uv": [11.25, 0.5, 11.5, 0.625], "texture": "#0", "cullface": "south"},
				"west": {"uv": [0, 11.75, 0.125, 11.875], "texture": "#0", "cullface": "west"},
				"up": {"uv": [11.5, 1.5, 11.25, 1.375], "texture": "#0", "cullface": "up"},
				"down": {"uv": [11.5, 2, 11.25, 2.125], "texture": "#0", "cullface": "down"}
			}
		},
		{
			"name": "frames3",
			"from": [12.99805, 4.325, 3.75],
			"to": [14.49805, 4.675, 4.75],
			"rotation": {"angle": 22.5, "axis": "x", "origin": [7.99524, 8.25906, 5.96938]},
			"faces": {
				"north": {"uv": [11.375, 6.5, 11.625, 6.625], "texture": "#0", "cullface": "north"},
				"east": {"uv": [8.5, 11.75, 8.625, 11.875], "texture": "#0", "cullface": "east"},
				"south": {"uv": [11.375, 6.75, 11.625, 6.875], "texture": "#0", "cullface": "south"},
				"west": {"uv": [9.25, 11.75, 9.375, 11.875], "texture": "#0", "cullface": "west"},
				"up": {"uv": [11.625, 7.125, 11.375, 7], "texture": "#0", "cullface": "up"},
				"down": {"uv": [11.625, 8, 11.375, 8.125], "texture": "#0", "cullface": "down"}
			}
		},
		{
			"name": "frames4",
			"from": [1.49805, 4.325, 3.75],
			"to": [2.99805, 4.675, 4.75],
			"rotation": {"angle": 22.5, "axis": "x", "origin": [7.99524, 8.25906, 5.96938]},
			"faces": {
				"north": {"uv": [11.375, 8.25, 11.625, 8.375], "texture": "#0", "cullface": "north"},
				"east": {"uv": [9.875, 11.75, 10, 11.875], "texture": "#0", "cullface": "east"},
				"south": {"uv": [11.375, 9.25, 11.625, 9.375], "texture": "#0", "cullface": "south"},
				"west": {"uv": [10.125, 11.75, 10.25, 11.875], "texture": "#0", "cullface": "west"},
				"up": {"uv": [11.625, 9.625, 11.375, 9.5], "texture": "#0", "cullface": "up"},
				"down": {"uv": [11.625, 10, 11.375, 10.125], "texture": "#0", "cullface": "down"}
			}
		},
		{
			"name": "frames5",
			"from": [1.49805, 6.175, 3.75],
			"to": [2.99805, 7.15, 4.75],
			"rotation": {"angle": 22.5, "axis": "x", "origin": [7.99524, 8.25906, 5.96938]},
			"faces": {
				"north": {"uv": [11.375, 10.25, 11.625, 10.375], "texture": "#0", "cullface": "north"},
				"east": {"uv": [11.75, 0.25, 11.875, 0.375], "texture": "#0", "cullface": "east"},
				"south": {"uv": [1.25, 11.5, 1.5, 11.625], "texture": "#0", "cullface": "south"},
				"west": {"uv": [11.75, 0.75, 11.875, 0.875], "texture": "#0", "cullface": "west"},
				"up": {"uv": [1.875, 11.625, 1.625, 11.5], "texture": "#0", "cullface": "up"},
				"down": {"uv": [3, 11.5, 2.75, 11.625], "texture": "#0", "cullface": "down"}
			}
		},
		{
			"name": "frames6",
			"from": [12.99805, 6.175, 3.75],
			"to": [14.49805, 7.15, 4.75],
			"rotation": {"angle": 22.5, "axis": "x", "origin": [7.99524, 8.25906, 5.96938]},
			"faces": {
				"north": {"uv": [5.375, 11.5, 5.625, 11.625], "texture": "#0", "cullface": "north"},
				"east": {"uv": [11.75, 2.625, 11.875, 2.75], "texture": "#0", "cullface": "east"},
				"south": {"uv": [7.25, 11.5, 7.5, 11.625], "texture": "#0", "cullface": "south"},
				"west": {"uv": [11.75, 2.875, 11.875, 3], "texture": "#0", "cullface": "west"},
				"up": {"uv": [7.875, 11.625, 7.625, 11.5], "texture": "#0", "cullface": "up"},
				"down": {"uv": [8.25, 11.5, 8, 11.625], "texture": "#0", "cullface": "down"}
			}
		},
		{
			"name": "frames7",
			"from": [1.24805, 1.875, 3.75],
			"to": [14.74805, 1.925, 4.75],
			"rotation": {"angle": 22.5, "axis": "x", "origin": [7.99524, 8.25906, 5.96938]},
			"faces": {
				"north": {"uv": [8.875, 2, 10.625, 2.125], "texture": "#0", "cullface": "north"},
				"east": {"uv": [11.75, 4.5, 11.875, 4.625], "texture": "#0", "cullface": "east"},
				"south": {"uv": [8.875, 2.25, 10.625, 2.375], "texture": "#0", "cullface": "south"},
				"west": {"uv": [11.75, 4.75, 11.875, 4.875], "texture": "#0", "cullface": "west"},
				"up": {"uv": [10.625, 2.625, 8.875, 2.5], "texture": "#0", "cullface": "up"},
				"down": {"uv": [10.625, 2.75, 8.875, 2.875], "texture": "#0", "cullface": "down"}
			}
		},
		{
			"name": "frames8",
			"from": [1.24805, 7.15, 3.75],
			"to": [14.74805, 7.625, 4.75],
			"rotation": {"angle": 22.5, "axis": "x", "origin": [7.99524, 8.25906, 5.96938]},
			"faces": {
				"north": {"uv": [8.875, 3, 10.625, 3.125], "texture": "#0", "cullface": "north"},
				"east": {"uv": [11.75, 6, 11.875, 6.125], "texture": "#0", "cullface": "east"},
				"south": {"uv": [8.875, 3.25, 10.625, 3.375], "texture": "#0", "cullface": "south"},
				"west": {"uv": [11.75, 6.25, 11.875, 6.375], "texture": "#0", "cullface": "west"},
				"up": {"uv": [10.5, 9.125, 8.75, 9], "texture": "#0", "cullface": "up"},
				"down": {"uv": [10.75, 8.25, 9, 8.375], "texture": "#0", "cullface": "down"}
			}
		},
		{
			"name": "frames6",
			"from": [1.49805, 1.925, 3.75],
			"to": [2.99805, 2.825, 4.75],
			"rotation": {"angle": 22.5, "axis": "x", "origin": [7.99524, 8.25906, 5.96938]},
			"faces": {
				"north": {"uv": [3.125, 11.5, 3.375, 11.625], "texture": "#0", "cullface": "north"},
				"east": {"uv": [11.75, 1, 11.875, 1.125], "texture": "#0", "cullface": "east"},
				"south": {"uv": [3.5, 11.5, 3.75, 11.625], "texture": "#0", "cullface": "south"},
				"west": {"uv": [11.75, 1.5, 11.875, 1.625], "texture": "#0", "cullface": "west"},
				"up": {"uv": [4.125, 11.625, 3.875, 11.5], "texture": "#0", "cullface": "up"},
				"down": {"uv": [4.875, 11.5, 4.625, 11.625], "texture": "#0", "cullface": "down"}
			}
		},
		{
			"name": "frames7",
			"from": [12.99805, 1.925, 3.75],
			"to": [14.49805, 2.825, 4.75],
			"rotation": {"angle": 22.5, "axis": "x", "origin": [7.99524, 8.25906, 5.96938]},
			"faces": {
				"north": {"uv": [8.375, 11.5, 8.625, 11.625], "texture": "#0", "cullface": "north"},
				"east": {"uv": [11.75, 3.125, 11.875, 3.25], "texture": "#0", "cullface": "east"},
				"south": {"uv": [9.25, 11.5, 9.5, 11.625], "texture": "#0", "cullface": "south"},
				"west": {"uv": [11.75, 3.75, 11.875, 3.875], "texture": "#0", "cullface": "west"},
				"up": {"uv": [10.25, 11.625, 10, 11.5], "texture": "#0", "cullface": "up"},
				"down": {"uv": [11.375, 11.5, 11.125, 11.625], "texture": "#0", "cullface": "down"}
			}
		},
		{
			"name": "frames3",
			"from": [11.09805, 3.425, 3.75],
			"to": [12.59805, 3.775, 4.75],
			"rotation": {"angle": 22.5, "axis": "x", "origin": [7.99524, 8.25906, 5.96938]},
			"faces": {
				"north": {"uv": [4.25, 11.375, 4.5, 11.5], "texture": "#0", "cullface": "north"},
				"east": {"uv": [4, 11.75, 4.125, 11.875], "texture": "#0", "cullface": "east"},
				"south": {"uv": [5.75, 11.375, 6, 11.5], "texture": "#0", "cullface": "south"},
				"west": {"uv": [4.5, 11.75, 4.625, 11.875], "texture": "#0", "cullface": "west"},
				"up": {"uv": [6.375, 11.5, 6.125, 11.375], "texture": "#0", "cullface": "up"},
				"down": {"uv": [6.75, 11.375, 6.5, 11.5], "texture": "#0", "cullface": "down"}
			}
		},
		{
			"name": "frames2",
			"from": [9.14805, 5.275, 3.75],
			"to": [10.64805, 5.65, 4.75],
			"rotation": {"angle": 22.5, "axis": "x", "origin": [7.99524, 8.25906, 5.96938]},
			"faces": {
				"north": {"uv": [11.25, 2.25, 11.5, 2.375], "texture": "#0", "cullface": "north"},
				"east": {"uv": [1.25, 11.75, 1.375, 11.875], "texture": "#0", "cullface": "east"},
				"south": {"uv": [11.25, 2.5, 11.5, 2.625], "texture": "#0", "cullface": "south"},
				"west": {"uv": [1.5, 11.75, 1.625, 11.875], "texture": "#0", "cullface": "west"},
				"up": {"uv": [11.5, 3.625, 11.25, 3.5], "texture": "#0", "cullface": "up"},
				"down": {"uv": [11.5, 4, 11.25, 4.125], "texture": "#0", "cullface": "down"}
			}
		},
		{
			"name": "frames3",
			"from": [9.14805, 3.425, 3.75],
			"to": [10.64805, 3.775, 4.75],
			"rotation": {"angle": 22.5, "axis": "x", "origin": [7.99524, 8.25906, 5.96938]},
			"faces": {
				"north": {"uv": [6.875, 11.375, 7.125, 11.5], "texture": "#0", "cullface": "north"},
				"east": {"uv": [4.75, 11.75, 4.875, 11.875], "texture": "#0", "cullface": "east"},
				"south": {"uv": [8.875, 11.375, 9.125, 11.5], "texture": "#0", "cullface": "south"},
				"west": {"uv": [5.25, 11.75, 5.375, 11.875], "texture": "#0", "cullface": "west"},
				"up": {"uv": [9.875, 11.5, 9.625, 11.375], "texture": "#0", "cullface": "up"},
				"down": {"uv": [10.625, 11.375, 10.375, 11.5], "texture": "#0", "cullface": "down"}
			}
		},
		{
			"name": "frames2",
			"from": [7.24805, 5.275, 3.75],
			"to": [8.74805, 5.65, 4.75],
			"rotation": {"angle": 22.5, "axis": "x", "origin": [7.99524, 8.25906, 5.96938]},
			"faces": {
				"north": {"uv": [11.25, 4.25, 11.5, 4.375], "texture": "#0", "cullface": "north"},
				"east": {"uv": [1.75, 11.75, 1.875, 11.875], "texture": "#0", "cullface": "east"},
				"south": {"uv": [11.25, 5, 11.5, 5.125], "texture": "#0", "cullface": "south"},
				"west": {"uv": [2.75, 11.75, 2.875, 11.875], "texture": "#0", "cullface": "west"},
				"up": {"uv": [11.5, 5.375, 11.25, 5.25], "texture": "#0", "cullface": "up"},
				"down": {"uv": [11.5, 5.5, 11.25, 5.625], "texture": "#0", "cullface": "down"}
			}
		},
		{
			"name": "frames3",
			"from": [7.24805, 3.425, 3.75],
			"to": [8.74805, 3.775, 4.75],
			"rotation": {"angle": 22.5, "axis": "x", "origin": [7.99524, 8.25906, 5.96938]},
			"faces": {
				"north": {"uv": [10.75, 11.375, 11, 11.5], "texture": "#0", "cullface": "north"},
				"east": {"uv": [5.5, 11.75, 5.625, 11.875], "texture": "#0", "cullface": "east"},
				"south": {"uv": [11.375, 0, 11.625, 0.125], "texture": "#0", "cullface": "south"},
				"west": {"uv": [7.25, 11.75, 7.375, 11.875], "texture": "#0", "cullface": "west"},
				"up": {"uv": [11.625, 0.375, 11.375, 0.25], "texture": "#0", "cullface": "up"},
				"down": {"uv": [11.625, 0.75, 11.375, 0.875], "texture": "#0", "cullface": "down"}
			}
		},
		{
			"name": "frames2",
			"from": [5.29805, 5.275, 3.75],
			"to": [6.79805, 5.65, 4.75],
			"rotation": {"angle": 22.5, "axis": "x", "origin": [7.99524, 8.25906, 5.96938]},
			"faces": {
				"north": {"uv": [11.25, 5.75, 11.5, 5.875], "texture": "#0", "cullface": "north"},
				"east": {"uv": [3, 11.75, 3.125, 11.875], "texture": "#0", "cullface": "east"},
				"south": {"uv": [11.25, 7.75, 11.5, 7.875], "texture": "#0", "cullface": "south"},
				"west": {"uv": [3.25, 11.75, 3.375, 11.875], "texture": "#0", "cullface": "west"},
				"up": {"uv": [11.5, 8.875, 11.25, 8.75], "texture": "#0", "cullface": "up"},
				"down": {"uv": [11.5, 9, 11.25, 9.125], "texture": "#0", "cullface": "down"}
			}
		},
		{
			"name": "frames3",
			"from": [5.29805, 3.425, 3.75],
			"to": [6.79805, 3.775, 4.75],
			"rotation": {"angle": 22.5, "axis": "x", "origin": [7.99524, 8.25906, 5.96938]},
			"faces": {
				"north": {"uv": [11.375, 1, 11.625, 1.125], "texture": "#0", "cullface": "north"},
				"east": {"uv": [7.5, 11.75, 7.625, 11.875], "texture": "#0", "cullface": "east"},
				"south": {"uv": [11.375, 2.75, 11.625, 2.875], "texture": "#0", "cullface": "south"},
				"west": {"uv": [7.75, 11.75, 7.875, 11.875], "texture": "#0", "cullface": "west"},
				"up": {"uv": [11.625, 3.125, 11.375, 3], "texture": "#0", "cullface": "up"},
				"down": {"uv": [11.625, 3.25, 11.375, 3.375], "texture": "#0", "cullface": "down"}
			}
		},
		{
			"name": "frames2",
			"from": [3.39805, 5.275, 3.75],
			"to": [4.89805, 5.65, 4.75],
			"rotation": {"angle": 22.5, "axis": "x", "origin": [7.99524, 8.25906, 5.96938]},
			"faces": {
				"north": {"uv": [11.25, 10.625, 11.5, 10.75], "texture": "#0", "cullface": "north"},
				"east": {"uv": [3.5, 11.75, 3.625, 11.875], "texture": "#0", "cullface": "east"},
				"south": {"uv": [11.25, 10.875, 11.5, 11], "texture": "#0", "cullface": "south"},
				"west": {"uv": [3.75, 11.75, 3.875, 11.875], "texture": "#0", "cullface": "west"},
				"up": {"uv": [0.5, 11.5, 0.25, 11.375], "texture": "#0", "cullface": "up"},
				"down": {"uv": [1.125, 11.375, 0.875, 11.5], "texture": "#0", "cullface": "down"}
			}
		},
		{
			"name": "frames3",
			"from": [3.39805, 3.425, 3.75],
			"to": [4.89805, 3.775, 4.75],
			"rotation": {"angle": 22.5, "axis": "x", "origin": [7.99524, 8.25906, 5.96938]},
			"faces": {
				"north": {"uv": [11.375, 4.5, 11.625, 4.625], "texture": "#0", "cullface": "north"},
				"east": {"uv": [8, 11.75, 8.125, 11.875], "texture": "#0", "cullface": "east"},
				"south": {"uv": [11.375, 4.75, 11.625, 4.875], "texture": "#0", "cullface": "south"},
				"west": {"uv": [8.25, 11.75, 8.375, 11.875], "texture": "#0", "cullface": "west"},
				"up": {"uv": [11.625, 6.125, 11.375, 6], "texture": "#0", "cullface": "up"},
				"down": {"uv": [11.625, 6.25, 11.375, 6.375], "texture": "#0", "cullface": "down"}
			}
		},
		{
			"name": "bolt",
			"from": [1.24805, 14.625, 4.5],
			"to": [1.99805, 15.375, 6.25],
			"rotation": {"angle": 22.5, "axis": "x", "origin": [7.99524, 8.25906, 5.96938]},
			"faces": {
				"north": {"uv": [4.25, 11.625, 4.375, 11.75], "texture": "#0", "cullface": "north"},
				"east": {"uv": [8.25, 10.75, 8.5, 10.875], "texture": "#0", "cullface": "east"},
				"south": {"uv": [5, 11.625, 5.125, 11.75], "texture": "#0", "cullface": "south"},
				"west": {"uv": [10.75, 2.75, 11, 2.875], "texture": "#0", "cullface": "west"},
				"up": {"uv": [6.5, 10.5, 6.375, 10.25], "texture": "#0", "cullface": "up"},
				"down": {"uv": [6.5, 10.625, 6.375, 10.875], "texture": "#0", "cullface": "down"}
			}
		},
		{
			"name": "bolt",
			"from": [7.64805, 14.625, 4.5],
			"to": [8.39805, 15.375, 6.25],
			"rotation": {"angle": 22.5, "axis": "x", "origin": [7.99524, 8.25906, 5.96938]},
			"faces": {
				"north": {"uv": [5.75, 11.625, 5.875, 11.75], "texture": "#0", "cullface": "north"},
				"east": {"uv": [10.75, 3, 11, 3.125], "texture": "#0", "cullface": "east"},
				"south": {"uv": [6, 11.625, 6.125, 11.75], "texture": "#0", "cullface": "south"},
				"west": {"uv": [10.75, 3.25, 11, 3.375], "texture": "#0", "cullface": "west"},
				"up": {"uv": [10.875, 5.5, 10.75, 5.25], "texture": "#0", "cullface": "up"},
				"down": {"uv": [10.875, 5.625, 10.75, 5.875], "texture": "#0", "cullface": "down"}
			}
		},
		{
			"name": "bolt",
			"from": [13.99805, 14.625, 4.5],
			"to": [14.74805, 15.375, 6.25],
			"rotation": {"angle": 22.5, "axis": "x", "origin": [7.99524, 8.25906, 5.96938]},
			"faces": {
				"north": {"uv": [6.25, 11.625, 6.375, 11.75], "texture": "#0", "cullface": "north"},
				"east": {"uv": [10.75, 6, 11, 6.125], "texture": "#0", "cullface": "east"},
				"south": {"uv": [6.5, 11.625, 6.625, 11.75], "texture": "#0", "cullface": "south"},
				"west": {"uv": [10.75, 6.25, 11, 6.375], "texture": "#0", "cullface": "west"},
				"up": {"uv": [10.875, 6.75, 10.75, 6.5], "texture": "#0", "cullface": "up"},
				"down": {"uv": [10.875, 6.875, 10.75, 7.125], "texture": "#0", "cullface": "down"}
			}
		},
		{
			"name": "bolt",
			"from": [7.64805, 7.625, 4.5],
			"to": [8.39805, 8.375, 6.25],
			"rotation": {"angle": 22.5, "axis": "x", "origin": [7.99524, 8.25906, 5.96938]},
			"faces": {
				"north": {"uv": [6.75, 11.625, 6.875, 11.75], "texture": "#0", "cullface": "north"},
				"east": {"uv": [10.75, 7.25, 11, 7.375], "texture": "#0", "cullface": "east"},
				"south": {"uv": [7, 11.625, 7.125, 11.75], "texture": "#0", "cullface": "south"},
				"west": {"uv": [10.75, 7.5, 11, 7.625], "texture": "#0", "cullface": "west"},
				"up": {"uv": [10.875, 8, 10.75, 7.75], "texture": "#0", "cullface": "up"},
				"down": {"uv": [10.875, 10, 10.75, 10.25], "texture": "#0", "cullface": "down"}
			}
		},
		{
			"name": "bolt",
			"from": [13.99805, 7.625, 4.5],
			"to": [14.74805, 8.375, 6.25],
			"rotation": {"angle": 22.5, "axis": "x", "origin": [7.99524, 8.25906, 5.96938]},
			"faces": {
				"north": {"uv": [8.75, 11.625, 8.875, 11.75], "texture": "#0", "cullface": "north"},
				"east": {"uv": [10.75, 10.375, 11, 10.5], "texture": "#0", "cullface": "east"},
				"south": {"uv": [9, 11.625, 9.125, 11.75], "texture": "#0", "cullface": "south"},
				"west": {"uv": [0, 10.875, 0.25, 11], "texture": "#0", "cullface": "west"},
				"up": {"uv": [1.375, 11.125, 1.25, 10.875], "texture": "#0", "cullface": "up"},
				"down": {"uv": [1.625, 10.875, 1.5, 11.125], "texture": "#0", "cullface": "down"}
			}
		},
		{
			"name": "bolt",
			"from": [13.99805, 1.125, 4.5],
			"to": [14.74805, 1.875, 6.25],
			"rotation": {"angle": 22.5, "axis": "x", "origin": [7.99524, 8.25906, 5.96938]},
			"faces": {
				"north": {"uv": [9.625, 11.625, 9.75, 11.75], "texture": "#0", "cullface": "north"},
				"east": {"uv": [8.625, 10.875, 8.875, 11], "texture": "#0", "cullface": "east"},
				"south": {"uv": [10.375, 11.625, 10.5, 11.75], "texture": "#0", "cullface": "south"},
				"west": {"uv": [9, 10.875, 9.25, 11], "texture": "#0", "cullface": "west"},
				"up": {"uv": [1.875, 11.125, 1.75, 10.875], "texture": "#0", "cullface": "up"},
				"down": {"uv": [6.75, 10.875, 6.625, 11.125], "texture": "#0", "cullface": "down"}
			}
		},
		{
			"name": "bolt",
			"from": [1.24805, 7.625, 4.5],
			"to": [1.99805, 8.375, 6.25],
			"rotation": {"angle": 22.5, "axis": "x", "origin": [7.99524, 8.25906, 5.96938]},
			"faces": {
				"north": {"uv": [10.625, 11.625, 10.75, 11.75], "texture": "#0", "cullface": "north"},
				"east": {"uv": [10.875, 10.875, 11.125, 11], "texture": "#0", "cullface": "east"},
				"south": {"uv": [10.875, 11.625, 11, 11.75], "texture": "#0", "cullface": "south"},
				"west": {"uv": [10.875, 3.5, 11.125, 3.625], "texture": "#0", "cullface": "west"},
				"up": {"uv": [10.25, 11.125, 10.125, 10.875], "texture": "#0", "cullface": "up"},
				"down": {"uv": [11, 3.75, 10.875, 4], "texture": "#0", "cullface": "down"}
			}
		},
		{
			"name": "bolt",
			"from": [1.24805, 1.125, 4.5],
			"to": [1.99805, 1.875, 6.25],
			"rotation": {"angle": 22.5, "axis": "x", "origin": [7.99524, 8.25906, 5.96938]},
			"faces": {
				"north": {"uv": [11.625, 0.5, 11.75, 0.625], "texture": "#0", "cullface": "north"},
				"east": {"uv": [10.875, 4.125, 11.125, 4.25], "texture": "#0", "cullface": "east"},
				"south": {"uv": [11.625, 1.25, 11.75, 1.375], "texture": "#0", "cullface": "south"},
				"west": {"uv": [10.875, 4.375, 11.125, 4.5], "texture": "#0", "cullface": "west"},
				"up": {"uv": [11, 4.875, 10.875, 4.625], "texture": "#0", "cullface": "up"},
				"down": {"uv": [11, 8.125, 10.875, 8.375], "texture": "#0", "cullface": "down"}
			}
		}
	],
	"display": {
		"thirdperson_righthand": {
			"rotation": [75, 45, 0],
			"translation": [0, 2.5, 0],
			"scale": [0.375, 0.375, 0.375]
		},
		"thirdperson_lefthand": {
			"rotation": [75, 45, 0],
			"translation": [0, 2.5, 0],
			"scale": [0.375, 0.375, 0.375]
		},
		"firstperson_righthand": {
			"rotation": [0, 45, 0],
			"scale": [0.4, 0.4, 0.4]
		},
		"firstperson_lefthand": {
			"rotation": [0, 225, 0],
			"scale": [0.4, 0.4, 0.4]
		},
		"ground": {
			"translation": [0, 3, 0],
			"scale": [0.25, 0.25, 0.25]
		},
		"gui": {
			"rotation": [30, 225, 0],
			"scale": [0.625, 0.625, 0.625]
		},
		"fixed": {
			"scale": [0.5, 0.5, 0.5]
		}
	},
	"groups": [
		{
			"name": "back_base",
			"origin": [8, 8, 11],
			"children": [
				{
					"name": "bar",
					"origin": [8, 8.875, 10.25],
					"children": [0, 1, 2]
				}, 3, 4, 5, 6]
		},
		{
			"name": "front_base",
			"origin": [8, 5.625, 3.75],
			"children": [
				{
					"name": "bar",
					"origin": [8, 8.875, 10.25],
					"children": [7, 8]
				}, 9, 10, 11, 12, 13, 14, 15,
				{
					"name": "bolts2",
					"origin": [1.75, 15.75, 1],
					"children": [16, 17, 18, 19, 20, 21, 22, 23,
						{
							"name": "monitors",
							"origin": [8, 7.25, 11],
							"children": [24, 25,
								{
									"name": "monitor1",
									"origin": [0, 7, 11],
									"children": [26, 27, 28, 29]
								},
								{
									"name": "monitor2",
									"origin": [0, 7, 11],
									"children": [30, 31, 32, 33]
								}
							]
						}
					]
				},
				{
					"name": "buttons",
					"origin": [8, 5.625, 3.75],
					"children": [34, 35, 36, 37, 38, 39, 40, 41, 42, 43, 44, 45, 46, 47, 48, 49, 50, 51, 52]
				},
				{
					"name": "buttons_frame",
					"origin": [8, 8, 8],
					"children": [53, 54, 55, 56, 57, 58, 59, 60, 61, 62, 63, 64, 65, 66, 67, 68, 69, 70, 71, 72, 73, 74, 75, 76, 77, 78]
				},
				{
					"name": "bolts",
					"origin": [1.75, 15.75, 1],
					"children": [79, 80, 81, 82, 83, 84, 85, 86]
				}
			]
		}
	]
}