{
    "parent": "block/cube_all",
        "display": {
        "gui": {
            "rotation": [ 30, 225, 0 ],
            "translation": [ 0, 0, 0],
            "scale":[ 0.7, 0.7, 0.7 ]
        },
        "ground": {
            "rotation": [ 0, 0, 0 ],
            "translation": [ 0, 3, 0],
            "scale":[ 0.35, 0.35, 0.35 ]
        },
        "fixed": {
            "rotation": [ 0, 0, 0 ],
            "translation": [ 0, 0, 0],
            "scale":[ 0.35, 0.35, 0.35 ]
        },
        "thirdperson_righthand": {
            "rotation": [ 75, 45, 0 ],
            "translation": [ 0, 2.5, 0],
            "scale": [ 0.4, 0.4, 0.4 ]
        },
        "firstperson_righthand": {
            "rotation": [ 0, 45, 0 ],
            "translation": [ 0, 0, 0 ],
            "scale": [ 0.35, 0.35, 0.35 ]
        },
        "firstperson_lefthand": {
            "rotation": [ 0, 225, 0 ],
            "translation": [ 0, 0, 0 ],
            "scale": [ 0.35, 0.35, 0.35 ]
        }
    },
    "elements": [
        {   "from": [ 3, 3, 3 ],
            "to": [ 13, 13, 13 ],
            "faces": {
                "down":  { "texture": "#all", "cullface": "down", "uv": [0,0,16,16] },
                "up":    { "texture": "#all", "cullface": "up", "uv": [0,0,16,16] },
                "north": { "texture": "#all", "cullface": "north", "uv": [0,0,16,16] },
                "south": { "texture": "#all", "cullface": "south", "uv": [0,0,16,16] },
                "west":  { "texture": "#all", "cullface": "west", "uv": [0,0,16,16] },
                "east":  { "texture": "#all", "cullface": "east", "uv": [0,0,16,16] }
            }
        }
    ]
}
