{
    "type": "advancedrocketry:precisionassembler",
    "itemingredients":
    [
        {
	    "item": "libvulpes:battery",
	    "data": 0
        },
        {
	    "item": "advancedrocketry:ic",
	    "data": 2
        },
	{
	    "item": "advancedrocketry:misc",
	    "data": 0
        },
	{
	    "item": "advancedrocketry:lens",
	    "data": 0
        },
	{
            "type": "forge:ore_dict",
            "ore": "plateTin"
        }
    ],
    "time": 1000,
    "energy": 1,
    "itemresults":
    {
	"item": "advancedrocketry:atmanalyser"
    }
}
