{
    "type": "minecraft:crafting_shaped",
    "pattern":
    [
	"gdg",
	"dad",
	"rdr"
    ],
    "key":
    {
	"a":
        {
	    "item": "advancedrocketry:rocketbuilder"
        },
	"d":
        {
	    "type": "forge:ore_dict",
            "ore": "dustDilithium"
        },
	"g":
        {
	    "type": "forge:ore_dict",
            "ore": "gearTitaniumAluminide"
        },
	"r":
        {
	    "type": "forge:ore_dict",
            "ore": "stickTitaniumAluminide"
        }
    },
    "result":
    {
        "item": "advancedrocketry:deployablerocketbuilder",
        "count": 1
    }
}
