{
    "type": "minecraft:crafting_shaped",
    "pattern":
    [
	"psp",
	"abc",
	"ded"
    ],
    "key":
    {
        "d":
        {
            "item": "advancedrocketry:ic",
            "data": 0
        },
        "s":
        {
            "item": "advancedrocketry:misc",
            "data": 0
        },
	"a":
        {
            "item": "advancedrocketry:ic",
            "data": 5
        },
	"b":
        {
            "item": "libvulpes:structuremachine"
        },
	"c":
        {
            "item": "advancedrocketry:ic",
            "data": 3
        },
	"p":
        {
	    "type": "forge:ore_dict",
            "ore": "plateSteel"
        },
	"e":
        {
	    "item": "minecraft:redstone_torch"
        }
    },
    "result":
    {
        "item": "advancedrocketry:electrolyser",
        "count": 1
    }
}
