{
    "type": "minecraft:crafting_shaped",
    "pattern":
    [
	"bgb",
	"lbf",
	"ppp"
    ],
    "key":
    {
        "g":
        {
            "item": "advancedrocketry:misc",
            "data": 0
        },
        "l":
        {
            "item": "advancedrocketry:ic",
            "data": 5
        },
	"b":
        {
            "item": "libvulpes:structuremachine"
        },
	"f":
        {
	    "type": "forge:ore_dict",
            "ore": "fanSteel"
        },
	"p":
        {
	    "type": "forge:ore_dict",
            "ore": "plateTin"
        }
    },
    "result":
    {
        "item": "advancedrocketry:fuelingstation",
        "count": 1
    }
}
