{
    "type": "minecraft:crafting_shaped",
    "pattern":
    [
	"ctc",
	"rbr",
	"crc"
    ],
    "key":
    {
        "c":
        {
            "item": "advancedrocketry:ic",
            "data": 1
        },
	"b":
        {
            "item": "libvulpes:structuremachine"
        },
	"r":
        {
	    "type": "forge:ore_dict",
            "ore": "dustRedstone"
        },
	"t":
        {
	    "type": "forge:ore_dict",
            "ore": "plateTitanium"
        }
    },
    "result":
    {
        "item": "advancedrocketry:guidancecomputer",
        "count": 1
    }
}
