{
    "type": "minecraft:crafting_shaped",
    "pattern":
    [
	" z ",
	"xmx",
	" z "
    ],
    "key":
    {
        "x":
        {
            "type": "forge:ore_dict",
            "ore": "rodCopper"
        },
        "z":
        {
            "item": "advancedrocketry:ic",
            "data": 3
        },
        "m":
        {
            "item": "libvulpes:structuremachine"
        }
    },
    "result":
    {
        "item": "advancedrocketry:loader",
        "count": 1,
        "data": 6
    }
}
