{
    "type": "minecraft:crafting_shaped",
    "pattern":
    [
        "owo",
        "rpr"
    ],
    "key":
    {
        "o":
        {
            "item": "advancedrocketry:satelliteprimaryfunction",
            "data": 0
        },
        "w":
        {
            "type": "forge:ore_dict",
            "ore": "dustRedstone"
        },
	"r":
        {
            "type": "forge:ore_dict",
            "ore": "dustRedstone"
        },
	"p":
        {
            "type": "forge:ore_dict",
            "ore": "plateIron"
        }
    },
    "result":
    {
        "item": "libvulpes:holoprojector",
        "count": 1
    }
}
